년도,자치구,나이대,인구수
1994,종로구,10대,12033
1994,종로구,20대,18734
1994,종로구,30대,14891
1994,종로구,40대,11041
1994,종로구,50대,8723
1994,종로구,60대 이상,17655
1994,중구,10대,9536
1994,중구,20대,18522
1994,중구,30대,11419
1994,중구,40대,13986
1994,중구,50대,2398
1994,중구,60대 이상,14973
1994,용산구,10대,18051
1994,용산구,20대,9908
1994,용산구,30대,7837
1994,용산구,40대,15135
1994,용산구,50대,18962
1994,용산구,60대 이상,19106
1994,성동구,10대,17958
1994,성동구,20대,12198
1994,성동구,30대,3447
1994,성동구,40대,13366
1994,성동구,50대,15348
1994,성동구,60대 이상,5893
1994,광진구,10대,16796
1994,광진구,20대,19893
1994,광진구,30대,17444
1994,광진구,40대,4959
1994,광진구,50대,11715
1994,광진구,60대 이상,10551
1994,동대문구,10대,15740
1994,동대문구,20대,13737
1994,동대문구,30대,13769
1994,동대문구,40대,9030
1994,동대문구,50대,11708
1994,동대문구,60대 이상,9605
1994,중랑구,10대,17496
1994,중랑구,20대,10137
1994,중랑구,30대,8478
1994,중랑구,40대,12286
1994,중랑구,50대,7793
1994,중랑구,60대 이상,12143
1994,성북구,10대,2405
1994,성북구,20대,16400
1994,성북구,30대,14292
1994,성북구,40대,18732
1994,성북구,50대,15113
1994,성북구,60대 이상,15018
1994,강북구,10대,9165
1994,강북구,20대,15503
1994,강북구,30대,13039
1994,강북구,40대,18447
1994,강북구,50대,6781
1994,강북구,60대 이상,8830
1994,도봉구,10대,19525
1994,도봉구,20대,1702
1994,도봉구,30대,15199
1994,도봉구,40대,18724
1994,도봉구,50대,11331
1994,도봉구,60대 이상,12872
1994,노원구,10대,6805
1994,노원구,20대,4645
1994,노원구,30대,12000
1994,노원구,40대,5560
1994,노원구,50대,9808
1994,노원구,60대 이상,5663
1994,은평구,10대,7956
1994,은평구,20대,10936
1994,은평구,30대,18795
1994,은평구,40대,5343
1994,은평구,50대,1722
1994,은평구,60대 이상,18290
1994,서대문구,10대,13493
1994,서대문구,20대,15462
1994,서대문구,30대,1736
1994,서대문구,40대,4886
1994,서대문구,50대,17363
1994,서대문구,60대 이상,4139
1994,마포구,10대,5186
1994,마포구,20대,6251
1994,마포구,30대,15875
1994,마포구,40대,4545
1994,마포구,50대,12806
1994,마포구,60대 이상,1708
1994,양천구,10대,15614
1994,양천구,20대,6143
1994,양천구,30대,13961
1994,양천구,40대,6395
1994,양천구,50대,13775
1994,양천구,60대 이상,8233
1994,강서구,10대,1406
1994,강서구,20대,861
1994,강서구,30대,2842
1994,강서구,40대,15840
1994,강서구,50대,19135
1994,강서구,60대 이상,1479
1994,구로구,10대,2541
1994,구로구,20대,824
1994,구로구,30대,17148
1994,구로구,40대,8563
1994,구로구,50대,14345
1994,구로구,60대 이상,2384
1994,금천구,10대,3307
1994,금천구,20대,11529
1994,금천구,30대,9733
1994,금천구,40대,10405
1994,금천구,50대,1884
1994,금천구,60대 이상,10638
1994,영등포구,10대,19356
1994,영등포구,20대,4457
1994,영등포구,30대,8015
1994,영등포구,40대,15188
1994,영등포구,50대,10248
1994,영등포구,60대 이상,8015
1994,동작구,10대,11011
1994,동작구,20대,17272
1994,동작구,30대,13927
1994,동작구,40대,15748
1994,동작구,50대,16469
1994,동작구,60대 이상,10676
1994,관악구,10대,9360
1994,관악구,20대,19120
1994,관악구,30대,18844
1994,관악구,40대,13055
1994,관악구,50대,15119
1994,관악구,60대 이상,2317
1994,서초구,10대,5130
1994,서초구,20대,3152
1994,서초구,30대,8806
1994,서초구,40대,17021
1994,서초구,50대,8211
1994,서초구,60대 이상,15089
1994,강남구,10대,8795
1994,강남구,20대,12933
1994,강남구,30대,6264
1994,강남구,40대,18386
1994,강남구,50대,13347
1994,강남구,60대 이상,13545
1994,송파구,10대,13073
1994,송파구,20대,8528
1994,송파구,30대,1077
1994,송파구,40대,13898
1994,송파구,50대,6901
1994,송파구,60대 이상,3425
1994,강동구,10대,15554
1994,강동구,20대,15223
1994,강동구,30대,12432
1994,강동구,40대,4498
1994,강동구,50대,4370
1994,강동구,60대 이상,13628
1995,종로구,10대,1889
1995,종로구,20대,16359
1995,종로구,30대,6475
1995,종로구,40대,12821
1995,종로구,50대,9080
1995,종로구,60대 이상,8704
1995,중구,10대,13405
1995,중구,20대,15269
1995,중구,30대,19158
1995,중구,40대,6850
1995,중구,50대,982
1995,중구,60대 이상,5380
1995,용산구,10대,5311
1995,용산구,20대,2738
1995,용산구,30대,14797
1995,용산구,40대,6872
1995,용산구,50대,6982
1995,용산구,60대 이상,5132
1995,성동구,10대,10406
1995,성동구,20대,12439
1995,성동구,30대,19761
1995,성동구,40대,15941
1995,성동구,50대,659
1995,성동구,60대 이상,19704
1995,광진구,10대,667
1995,광진구,20대,9117
1995,광진구,30대,3309
1995,광진구,40대,15733
1995,광진구,50대,13534
1995,광진구,60대 이상,5335
1995,동대문구,10대,19326
1995,동대문구,20대,12193
1995,동대문구,30대,4296
1995,동대문구,40대,1512
1995,동대문구,50대,12941
1995,동대문구,60대 이상,8894
1995,중랑구,10대,17203
1995,중랑구,20대,18139
1995,중랑구,30대,8402
1995,중랑구,40대,7884
1995,중랑구,50대,19421
1995,중랑구,60대 이상,12830
1995,성북구,10대,6295
1995,성북구,20대,16953
1995,성북구,30대,8742
1995,성북구,40대,16780
1995,성북구,50대,15254
1995,성북구,60대 이상,2731
1995,강북구,10대,2258
1995,강북구,20대,9242
1995,강북구,30대,12098
1995,강북구,40대,9929
1995,강북구,50대,17884
1995,강북구,60대 이상,1172
1995,도봉구,10대,13982
1995,도봉구,20대,4401
1995,도봉구,30대,16148
1995,도봉구,40대,8194
1995,도봉구,50대,9295
1995,도봉구,60대 이상,6328
1995,노원구,10대,832
1995,노원구,20대,9061
1995,노원구,30대,4417
1995,노원구,40대,6064
1995,노원구,50대,12611
1995,노원구,60대 이상,4952
1995,은평구,10대,3790
1995,은평구,20대,13869
1995,은평구,30대,8745
1995,은평구,40대,15843
1995,은평구,50대,13841
1995,은평구,60대 이상,18948
1995,서대문구,10대,9714
1995,서대문구,20대,3951
1995,서대문구,30대,11547
1995,서대문구,40대,10790
1995,서대문구,50대,17933
1995,서대문구,60대 이상,19827
1995,마포구,10대,775
1995,마포구,20대,19378
1995,마포구,30대,7418
1995,마포구,40대,15272
1995,마포구,50대,5559
1995,마포구,60대 이상,13168
1995,양천구,10대,19529
1995,양천구,20대,11405
1995,양천구,30대,3378
1995,양천구,40대,14717
1995,양천구,50대,7178
1995,양천구,60대 이상,10647
1995,강서구,10대,13997
1995,강서구,20대,17388
1995,강서구,30대,5652
1995,강서구,40대,12959
1995,강서구,50대,14780
1995,강서구,60대 이상,18042
1995,구로구,10대,14535
1995,구로구,20대,11361
1995,구로구,30대,12229
1995,구로구,40대,17037
1995,구로구,50대,18887
1995,구로구,60대 이상,8952
1995,금천구,10대,16507
1995,금천구,20대,2823
1995,금천구,30대,7626
1995,금천구,40대,1246
1995,금천구,50대,8607
1995,금천구,60대 이상,8591
1995,영등포구,10대,4847
1995,영등포구,20대,3300
1995,영등포구,30대,11690
1995,영등포구,40대,6555
1995,영등포구,50대,11835
1995,영등포구,60대 이상,5155
1995,동작구,10대,8748
1995,동작구,20대,18282
1995,동작구,30대,10630
1995,동작구,40대,13828
1995,동작구,50대,16785
1995,동작구,60대 이상,16811
1995,관악구,10대,14955
1995,관악구,20대,11026
1995,관악구,30대,6901
1995,관악구,40대,11407
1995,관악구,50대,6395
1995,관악구,60대 이상,19060
1995,서초구,10대,19871
1995,서초구,20대,15575
1995,서초구,30대,16444
1995,서초구,40대,13190
1995,서초구,50대,533
1995,서초구,60대 이상,4000
1995,강남구,10대,15701
1995,강남구,20대,2540
1995,강남구,30대,17940
1995,강남구,40대,774
1995,강남구,50대,2593
1995,강남구,60대 이상,6891
1995,송파구,10대,16824
1995,송파구,20대,12015
1995,송파구,30대,1644
1995,송파구,40대,15946
1995,송파구,50대,16570
1995,송파구,60대 이상,13084
1995,강동구,10대,9325
1995,강동구,20대,717
1995,강동구,30대,8782
1995,강동구,40대,8076
1995,강동구,50대,3113
1995,강동구,60대 이상,6116
1996,종로구,10대,17162
1996,종로구,20대,6408
1996,종로구,30대,3416
1996,종로구,40대,10344
1996,종로구,50대,13100
1996,종로구,60대 이상,13354
1996,중구,10대,7630
1996,중구,20대,13564
1996,중구,30대,15808
1996,중구,40대,6334
1996,중구,50대,10794
1996,중구,60대 이상,19268
1996,용산구,10대,962
1996,용산구,20대,9516
1996,용산구,30대,5119
1996,용산구,40대,8494
1996,용산구,50대,3308
1996,용산구,60대 이상,15408
1996,성동구,10대,8567
1996,성동구,20대,13393
1996,성동구,30대,13472
1996,성동구,40대,6524
1996,성동구,50대,18600
1996,성동구,60대 이상,6754
1996,광진구,10대,5600
1996,광진구,20대,8288
1996,광진구,30대,5977
1996,광진구,40대,15079
1996,광진구,50대,9251
1996,광진구,60대 이상,8114
1996,동대문구,10대,15308
1996,동대문구,20대,581
1996,동대문구,30대,10127
1996,동대문구,40대,16335
1996,동대문구,50대,13221
1996,동대문구,60대 이상,1233
1996,중랑구,10대,5424
1996,중랑구,20대,15820
1996,중랑구,30대,14943
1996,중랑구,40대,5898
1996,중랑구,50대,19451
1996,중랑구,60대 이상,11904
1996,성북구,10대,9498
1996,성북구,20대,10701
1996,성북구,30대,17463
1996,성북구,40대,17602
1996,성북구,50대,2483
1996,성북구,60대 이상,2666
1996,강북구,10대,819
1996,강북구,20대,6819
1996,강북구,30대,17135
1996,강북구,40대,9230
1996,강북구,50대,10805
1996,강북구,60대 이상,15244
1996,도봉구,10대,10689
1996,도봉구,20대,9943
1996,도봉구,30대,12637
1996,도봉구,40대,17027
1996,도봉구,50대,9546
1996,도봉구,60대 이상,12448
1996,노원구,10대,12121
1996,노원구,20대,1543
1996,노원구,30대,16230
1996,노원구,40대,14620
1996,노원구,50대,10594
1996,노원구,60대 이상,8881
1996,은평구,10대,8840
1996,은평구,20대,9333
1996,은평구,30대,18053
1996,은평구,40대,17264
1996,은평구,50대,5774
1996,은평구,60대 이상,4908
1996,서대문구,10대,518
1996,서대문구,20대,6061
1996,서대문구,30대,10572
1996,서대문구,40대,18828
1996,서대문구,50대,15389
1996,서대문구,60대 이상,4045
1996,마포구,10대,18217
1996,마포구,20대,7060
1996,마포구,30대,18132
1996,마포구,40대,18416
1996,마포구,50대,11888
1996,마포구,60대 이상,11310
1996,양천구,10대,16055
1996,양천구,20대,16981
1996,양천구,30대,17208
1996,양천구,40대,574
1996,양천구,50대,3864
1996,양천구,60대 이상,19889
1996,강서구,10대,4743
1996,강서구,20대,4869
1996,강서구,30대,10719
1996,강서구,40대,15307
1996,강서구,50대,1602
1996,강서구,60대 이상,9578
1996,구로구,10대,8776
1996,구로구,20대,16832
1996,구로구,30대,4874
1996,구로구,40대,18760
1996,구로구,50대,10439
1996,구로구,60대 이상,1455
1996,금천구,10대,14410
1996,금천구,20대,16813
1996,금천구,30대,6146
1996,금천구,40대,16424
1996,금천구,50대,12064
1996,금천구,60대 이상,19564
1996,영등포구,10대,3714
1996,영등포구,20대,10760
1996,영등포구,30대,19661
1996,영등포구,40대,15811
1996,영등포구,50대,2844
1996,영등포구,60대 이상,2094
1996,동작구,10대,13051
1996,동작구,20대,18365
1996,동작구,30대,11380
1996,동작구,40대,10764
1996,동작구,50대,15225
1996,동작구,60대 이상,9239
1996,관악구,10대,3589
1996,관악구,20대,2554
1996,관악구,30대,18245
1996,관악구,40대,16321
1996,관악구,50대,7804
1996,관악구,60대 이상,2417
1996,서초구,10대,14654
1996,서초구,20대,844
1996,서초구,30대,2061
1996,서초구,40대,8936
1996,서초구,50대,9399
1996,서초구,60대 이상,3489
1996,강남구,10대,1533
1996,강남구,20대,7225
1996,강남구,30대,10248
1996,강남구,40대,11384
1996,강남구,50대,1731
1996,강남구,60대 이상,14893
1996,송파구,10대,12998
1996,송파구,20대,1787
1996,송파구,30대,4296
1996,송파구,40대,7455
1996,송파구,50대,11286
1996,송파구,60대 이상,12633
1996,강동구,10대,8465
1996,강동구,20대,796
1996,강동구,30대,12248
1996,강동구,40대,12719
1996,강동구,50대,11619
1996,강동구,60대 이상,6058
1997,종로구,10대,4891
1997,종로구,20대,8191
1997,종로구,30대,5371
1997,종로구,40대,16072
1997,종로구,50대,723
1997,종로구,60대 이상,3133
1997,중구,10대,15584
1997,중구,20대,15128
1997,중구,30대,17204
1997,중구,40대,9214
1997,중구,50대,17315
1997,중구,60대 이상,18649
1997,용산구,10대,4418
1997,용산구,20대,2408
1997,용산구,30대,6258
1997,용산구,40대,9336
1997,용산구,50대,14735
1997,용산구,60대 이상,11786
1997,성동구,10대,2669
1997,성동구,20대,1961
1997,성동구,30대,8791
1997,성동구,40대,1058
1997,성동구,50대,3707
1997,성동구,60대 이상,9592
1997,광진구,10대,1935
1997,광진구,20대,6979
1997,광진구,30대,877
1997,광진구,40대,16510
1997,광진구,50대,16462
1997,광진구,60대 이상,1379
1997,동대문구,10대,3019
1997,동대문구,20대,19813
1997,동대문구,30대,16753
1997,동대문구,40대,17212
1997,동대문구,50대,18117
1997,동대문구,60대 이상,5389
1997,중랑구,10대,10261
1997,중랑구,20대,2614
1997,중랑구,30대,16914
1997,중랑구,40대,19985
1997,중랑구,50대,598
1997,중랑구,60대 이상,8796
1997,성북구,10대,16977
1997,성북구,20대,18388
1997,성북구,30대,4432
1997,성북구,40대,10489
1997,성북구,50대,15420
1997,성북구,60대 이상,19815
1997,강북구,10대,13935
1997,강북구,20대,15872
1997,강북구,30대,9477
1997,강북구,40대,19199
1997,강북구,50대,15335
1997,강북구,60대 이상,6586
1997,도봉구,10대,14401
1997,도봉구,20대,7746
1997,도봉구,30대,1598
1997,도봉구,40대,2834
1997,도봉구,50대,3439
1997,도봉구,60대 이상,19198
1997,노원구,10대,3302
1997,노원구,20대,9397
1997,노원구,30대,8206
1997,노원구,40대,14445
1997,노원구,50대,1116
1997,노원구,60대 이상,17073
1997,은평구,10대,17625
1997,은평구,20대,14799
1997,은평구,30대,16462
1997,은평구,40대,15057
1997,은평구,50대,9654
1997,은평구,60대 이상,14517
1997,서대문구,10대,10371
1997,서대문구,20대,11298
1997,서대문구,30대,5309
1997,서대문구,40대,1497
1997,서대문구,50대,12482
1997,서대문구,60대 이상,18930
1997,마포구,10대,5128
1997,마포구,20대,4161
1997,마포구,30대,9065
1997,마포구,40대,6056
1997,마포구,50대,16843
1997,마포구,60대 이상,11719
1997,양천구,10대,11162
1997,양천구,20대,5746
1997,양천구,30대,5642
1997,양천구,40대,2191
1997,양천구,50대,18872
1997,양천구,60대 이상,19738
1997,강서구,10대,17046
1997,강서구,20대,4809
1997,강서구,30대,17445
1997,강서구,40대,976
1997,강서구,50대,10360
1997,강서구,60대 이상,7099
1997,구로구,10대,16944
1997,구로구,20대,11422
1997,구로구,30대,2124
1997,구로구,40대,18630
1997,구로구,50대,17110
1997,구로구,60대 이상,14138
1997,금천구,10대,12590
1997,금천구,20대,4001
1997,금천구,30대,10015
1997,금천구,40대,5761
1997,금천구,50대,3132
1997,금천구,60대 이상,7222
1997,영등포구,10대,17050
1997,영등포구,20대,12168
1997,영등포구,30대,13473
1997,영등포구,40대,10846
1997,영등포구,50대,15012
1997,영등포구,60대 이상,2834
1997,동작구,10대,17293
1997,동작구,20대,11758
1997,동작구,30대,9911
1997,동작구,40대,10173
1997,동작구,50대,1968
1997,동작구,60대 이상,19684
1997,관악구,10대,9387
1997,관악구,20대,1857
1997,관악구,30대,16762
1997,관악구,40대,14838
1997,관악구,50대,3136
1997,관악구,60대 이상,14076
1997,서초구,10대,4759
1997,서초구,20대,15326
1997,서초구,30대,8854
1997,서초구,40대,12978
1997,서초구,50대,3693
1997,서초구,60대 이상,12807
1997,강남구,10대,16192
1997,강남구,20대,7416
1997,강남구,30대,9642
1997,강남구,40대,3733
1997,강남구,50대,10429
1997,강남구,60대 이상,4059
1997,송파구,10대,17564
1997,송파구,20대,15506
1997,송파구,30대,523
1997,송파구,40대,10935
1997,송파구,50대,18645
1997,송파구,60대 이상,3097
1997,강동구,10대,15516
1997,강동구,20대,17475
1997,강동구,30대,3173
1997,강동구,40대,6932
1997,강동구,50대,13793
1997,강동구,60대 이상,1859
1998,종로구,10대,15793
1998,종로구,20대,1052
1998,종로구,30대,9813
1998,종로구,40대,4956
1998,종로구,50대,4110
1998,종로구,60대 이상,16082
1998,중구,10대,10334
1998,중구,20대,9022
1998,중구,30대,7020
1998,중구,40대,6576
1998,중구,50대,18824
1998,중구,60대 이상,16288
1998,용산구,10대,13731
1998,용산구,20대,8522
1998,용산구,30대,17494
1998,용산구,40대,7177
1998,용산구,50대,15812
1998,용산구,60대 이상,17183
1998,성동구,10대,12427
1998,성동구,20대,7345
1998,성동구,30대,15145
1998,성동구,40대,15440
1998,성동구,50대,13856
1998,성동구,60대 이상,2778
1998,광진구,10대,12369
1998,광진구,20대,3794
1998,광진구,30대,10760
1998,광진구,40대,9661
1998,광진구,50대,16396
1998,광진구,60대 이상,5782
1998,동대문구,10대,506
1998,동대문구,20대,7614
1998,동대문구,30대,10637
1998,동대문구,40대,6206
1998,동대문구,50대,16450
1998,동대문구,60대 이상,18092
1998,중랑구,10대,19242
1998,중랑구,20대,18102
1998,중랑구,30대,12764
1998,중랑구,40대,14527
1998,중랑구,50대,15141
1998,중랑구,60대 이상,1534
1998,성북구,10대,15366
1998,성북구,20대,16682
1998,성북구,30대,15023
1998,성북구,40대,15098
1998,성북구,50대,1098
1998,성북구,60대 이상,3237
1998,강북구,10대,7790
1998,강북구,20대,14966
1998,강북구,30대,16684
1998,강북구,40대,4669
1998,강북구,50대,1133
1998,강북구,60대 이상,3302
1998,도봉구,10대,10563
1998,도봉구,20대,17679
1998,도봉구,30대,14743
1998,도봉구,40대,17459
1998,도봉구,50대,14147
1998,도봉구,60대 이상,1600
1998,노원구,10대,690
1998,노원구,20대,18472
1998,노원구,30대,9019
1998,노원구,40대,9309
1998,노원구,50대,17368
1998,노원구,60대 이상,14107
1998,은평구,10대,579
1998,은평구,20대,12713
1998,은평구,30대,16908
1998,은평구,40대,1915
1998,은평구,50대,12892
1998,은평구,60대 이상,12315
1998,서대문구,10대,2160
1998,서대문구,20대,17020
1998,서대문구,30대,9271
1998,서대문구,40대,7269
1998,서대문구,50대,6790
1998,서대문구,60대 이상,16763
1998,마포구,10대,6041
1998,마포구,20대,986
1998,마포구,30대,1252
1998,마포구,40대,9033
1998,마포구,50대,3644
1998,마포구,60대 이상,8910
1998,양천구,10대,17193
1998,양천구,20대,5001
1998,양천구,30대,9664
1998,양천구,40대,16260
1998,양천구,50대,2967
1998,양천구,60대 이상,5660
1998,강서구,10대,17875
1998,강서구,20대,13070
1998,강서구,30대,15154
1998,강서구,40대,8492
1998,강서구,50대,6860
1998,강서구,60대 이상,2867
1998,구로구,10대,19497
1998,구로구,20대,6389
1998,구로구,30대,13804
1998,구로구,40대,12951
1998,구로구,50대,7862
1998,구로구,60대 이상,18453
1998,금천구,10대,4458
1998,금천구,20대,4372
1998,금천구,30대,13417
1998,금천구,40대,17832
1998,금천구,50대,16107
1998,금천구,60대 이상,1741
1998,영등포구,10대,19464
1998,영등포구,20대,689
1998,영등포구,30대,13148
1998,영등포구,40대,15160
1998,영등포구,50대,18212
1998,영등포구,60대 이상,16684
1998,동작구,10대,19004
1998,동작구,20대,17550
1998,동작구,30대,11358
1998,동작구,40대,10275
1998,동작구,50대,3193
1998,동작구,60대 이상,10777
1998,관악구,10대,16812
1998,관악구,20대,13779
1998,관악구,30대,19135
1998,관악구,40대,16933
1998,관악구,50대,18506
1998,관악구,60대 이상,12435
1998,서초구,10대,13411
1998,서초구,20대,11764
1998,서초구,30대,9191
1998,서초구,40대,8656
1998,서초구,50대,12826
1998,서초구,60대 이상,606
1998,강남구,10대,11907
1998,강남구,20대,9037
1998,강남구,30대,3707
1998,강남구,40대,1521
1998,강남구,50대,13610
1998,강남구,60대 이상,3451
1998,송파구,10대,11666
1998,송파구,20대,8733
1998,송파구,30대,5016
1998,송파구,40대,2945
1998,송파구,50대,6512
1998,송파구,60대 이상,9227
1998,강동구,10대,15776
1998,강동구,20대,9207
1998,강동구,30대,4053
1998,강동구,40대,16220
1998,강동구,50대,13965
1998,강동구,60대 이상,11064
1999,종로구,10대,19658
1999,종로구,20대,10594
1999,종로구,30대,11758
1999,종로구,40대,5689
1999,종로구,50대,10695
1999,종로구,60대 이상,15807
1999,중구,10대,5545
1999,중구,20대,11134
1999,중구,30대,14434
1999,중구,40대,3416
1999,중구,50대,11436
1999,중구,60대 이상,5922
1999,용산구,10대,14369
1999,용산구,20대,9648
1999,용산구,30대,4415
1999,용산구,40대,12160
1999,용산구,50대,5912
1999,용산구,60대 이상,6310
1999,성동구,10대,2529
1999,성동구,20대,5031
1999,성동구,30대,9334
1999,성동구,40대,14565
1999,성동구,50대,17609
1999,성동구,60대 이상,2206
1999,광진구,10대,11967
1999,광진구,20대,15283
1999,광진구,30대,574
1999,광진구,40대,8695
1999,광진구,50대,14044
1999,광진구,60대 이상,15639
1999,동대문구,10대,18945
1999,동대문구,20대,903
1999,동대문구,30대,16926
1999,동대문구,40대,650
1999,동대문구,50대,6042
1999,동대문구,60대 이상,11509
1999,중랑구,10대,1292
1999,중랑구,20대,8433
1999,중랑구,30대,8179
1999,중랑구,40대,4428
1999,중랑구,50대,17059
1999,중랑구,60대 이상,17616
1999,성북구,10대,17385
1999,성북구,20대,17840
1999,성북구,30대,13592
1999,성북구,40대,19178
1999,성북구,50대,8553
1999,성북구,60대 이상,9137
1999,강북구,10대,4927
1999,강북구,20대,2351
1999,강북구,30대,963
1999,강북구,40대,14520
1999,강북구,50대,6356
1999,강북구,60대 이상,4247
1999,도봉구,10대,16985
1999,도봉구,20대,11086
1999,도봉구,30대,11348
1999,도봉구,40대,19185
1999,도봉구,50대,4463
1999,도봉구,60대 이상,12904
1999,노원구,10대,9628
1999,노원구,20대,3907
1999,노원구,30대,15658
1999,노원구,40대,3659
1999,노원구,50대,1258
1999,노원구,60대 이상,17200
1999,은평구,10대,16777
1999,은평구,20대,1116
1999,은평구,30대,5315
1999,은평구,40대,7932
1999,은평구,50대,14910
1999,은평구,60대 이상,6381
1999,서대문구,10대,3609
1999,서대문구,20대,16661
1999,서대문구,30대,8893
1999,서대문구,40대,16935
1999,서대문구,50대,11260
1999,서대문구,60대 이상,7683
1999,마포구,10대,5740
1999,마포구,20대,15328
1999,마포구,30대,1601
1999,마포구,40대,6185
1999,마포구,50대,19880
1999,마포구,60대 이상,11142
1999,양천구,10대,18653
1999,양천구,20대,14832
1999,양천구,30대,13032
1999,양천구,40대,19592
1999,양천구,50대,1726
1999,양천구,60대 이상,6058
1999,강서구,10대,9285
1999,강서구,20대,3186
1999,강서구,30대,17285
1999,강서구,40대,4538
1999,강서구,50대,15814
1999,강서구,60대 이상,13304
1999,구로구,10대,11568
1999,구로구,20대,14619
1999,구로구,30대,18504
1999,구로구,40대,17176
1999,구로구,50대,12712
1999,구로구,60대 이상,12808
1999,금천구,10대,14948
1999,금천구,20대,12591
1999,금천구,30대,3920
1999,금천구,40대,8272
1999,금천구,50대,11291
1999,금천구,60대 이상,17072
1999,영등포구,10대,16898
1999,영등포구,20대,9495
1999,영등포구,30대,14767
1999,영등포구,40대,19581
1999,영등포구,50대,3595
1999,영등포구,60대 이상,10421
1999,동작구,10대,7368
1999,동작구,20대,1584
1999,동작구,30대,13215
1999,동작구,40대,12691
1999,동작구,50대,15065
1999,동작구,60대 이상,19204
1999,관악구,10대,17320
1999,관악구,20대,9528
1999,관악구,30대,13227
1999,관악구,40대,3775
1999,관악구,50대,4753
1999,관악구,60대 이상,6135
1999,서초구,10대,18504
1999,서초구,20대,18855
1999,서초구,30대,15342
1999,서초구,40대,7456
1999,서초구,50대,5808
1999,서초구,60대 이상,16701
1999,강남구,10대,5160
1999,강남구,20대,7208
1999,강남구,30대,4683
1999,강남구,40대,3300
1999,강남구,50대,14098
1999,강남구,60대 이상,4990
1999,송파구,10대,7316
1999,송파구,20대,5340
1999,송파구,30대,5489
1999,송파구,40대,5417
1999,송파구,50대,898
1999,송파구,60대 이상,8271
1999,강동구,10대,10156
1999,강동구,20대,15390
1999,강동구,30대,18676
1999,강동구,40대,18196
1999,강동구,50대,18954
1999,강동구,60대 이상,6955
2000,종로구,10대,18358
2000,종로구,20대,3898
2000,종로구,30대,8162
2000,종로구,40대,19369
2000,종로구,50대,12652
2000,종로구,60대 이상,18701
2000,중구,10대,9570
2000,중구,20대,2808
2000,중구,30대,10573
2000,중구,40대,14334
2000,중구,50대,11722
2000,중구,60대 이상,10965
2000,용산구,10대,6930
2000,용산구,20대,12861
2000,용산구,30대,16920
2000,용산구,40대,4317
2000,용산구,50대,11603
2000,용산구,60대 이상,8318
2000,성동구,10대,11375
2000,성동구,20대,15840
2000,성동구,30대,8645
2000,성동구,40대,6356
2000,성동구,50대,6175
2000,성동구,60대 이상,2182
2000,광진구,10대,17408
2000,광진구,20대,2870
2000,광진구,30대,17174
2000,광진구,40대,4385
2000,광진구,50대,17973
2000,광진구,60대 이상,8762
2000,동대문구,10대,8188
2000,동대문구,20대,11925
2000,동대문구,30대,10109
2000,동대문구,40대,9073
2000,동대문구,50대,6845
2000,동대문구,60대 이상,18278
2000,중랑구,10대,5631
2000,중랑구,20대,6578
2000,중랑구,30대,5478
2000,중랑구,40대,17482
2000,중랑구,50대,9205
2000,중랑구,60대 이상,18512
2000,성북구,10대,14322
2000,성북구,20대,2745
2000,성북구,30대,7119
2000,성북구,40대,19619
2000,성북구,50대,18168
2000,성북구,60대 이상,19962
2000,강북구,10대,11782
2000,강북구,20대,13287
2000,강북구,30대,6095
2000,강북구,40대,10483
2000,강북구,50대,3420
2000,강북구,60대 이상,17701
2000,도봉구,10대,18889
2000,도봉구,20대,9410
2000,도봉구,30대,13318
2000,도봉구,40대,1854
2000,도봉구,50대,8262
2000,도봉구,60대 이상,11647
2000,노원구,10대,18846
2000,노원구,20대,3005
2000,노원구,30대,1230
2000,노원구,40대,7285
2000,노원구,50대,5176
2000,노원구,60대 이상,16678
2000,은평구,10대,17568
2000,은평구,20대,12784
2000,은평구,30대,3400
2000,은평구,40대,7299
2000,은평구,50대,18060
2000,은평구,60대 이상,18487
2000,서대문구,10대,2314
2000,서대문구,20대,11810
2000,서대문구,30대,587
2000,서대문구,40대,526
2000,서대문구,50대,6846
2000,서대문구,60대 이상,18999
2000,마포구,10대,9965
2000,마포구,20대,4607
2000,마포구,30대,7631
2000,마포구,40대,689
2000,마포구,50대,19346
2000,마포구,60대 이상,1286
2000,양천구,10대,13804
2000,양천구,20대,5291
2000,양천구,30대,5401
2000,양천구,40대,18664
2000,양천구,50대,14628
2000,양천구,60대 이상,6481
2000,강서구,10대,6924
2000,강서구,20대,4287
2000,강서구,30대,3044
2000,강서구,40대,4155
2000,강서구,50대,3498
2000,강서구,60대 이상,17825
2000,구로구,10대,13023
2000,구로구,20대,18251
2000,구로구,30대,7603
2000,구로구,40대,1437
2000,구로구,50대,10059
2000,구로구,60대 이상,9606
2000,금천구,10대,1098
2000,금천구,20대,18862
2000,금천구,30대,15188
2000,금천구,40대,9278
2000,금천구,50대,17692
2000,금천구,60대 이상,1464
2000,영등포구,10대,18295
2000,영등포구,20대,15900
2000,영등포구,30대,12884
2000,영등포구,40대,6150
2000,영등포구,50대,560
2000,영등포구,60대 이상,19561
2000,동작구,10대,11331
2000,동작구,20대,11760
2000,동작구,30대,13482
2000,동작구,40대,19132
2000,동작구,50대,12895
2000,동작구,60대 이상,4711
2000,관악구,10대,7894
2000,관악구,20대,16372
2000,관악구,30대,8834
2000,관악구,40대,13224
2000,관악구,50대,5341
2000,관악구,60대 이상,13481
2000,서초구,10대,14201
2000,서초구,20대,9028
2000,서초구,30대,4716
2000,서초구,40대,13238
2000,서초구,50대,19521
2000,서초구,60대 이상,9478
2000,강남구,10대,531
2000,강남구,20대,17526
2000,강남구,30대,1301
2000,강남구,40대,7956
2000,강남구,50대,788
2000,강남구,60대 이상,11974
2000,송파구,10대,951
2000,송파구,20대,3284
2000,송파구,30대,7628
2000,송파구,40대,15094
2000,송파구,50대,12933
2000,송파구,60대 이상,14798
2000,강동구,10대,15948
2000,강동구,20대,8948
2000,강동구,30대,13322
2000,강동구,40대,13314
2000,강동구,50대,12466
2000,강동구,60대 이상,13568
2001,종로구,10대,10605
2001,종로구,20대,10164
2001,종로구,30대,15397
2001,종로구,40대,14450
2001,종로구,50대,18650
2001,종로구,60대 이상,11742
2001,중구,10대,12091
2001,중구,20대,2624
2001,중구,30대,4618
2001,중구,40대,728
2001,중구,50대,6212
2001,중구,60대 이상,9239
2001,용산구,10대,10878
2001,용산구,20대,5528
2001,용산구,30대,9671
2001,용산구,40대,15011
2001,용산구,50대,18671
2001,용산구,60대 이상,3752
2001,성동구,10대,18365
2001,성동구,20대,14763
2001,성동구,30대,6896
2001,성동구,40대,19294
2001,성동구,50대,2936
2001,성동구,60대 이상,19118
2001,광진구,10대,10234
2001,광진구,20대,16928
2001,광진구,30대,4845
2001,광진구,40대,3930
2001,광진구,50대,13174
2001,광진구,60대 이상,19608
2001,동대문구,10대,19350
2001,동대문구,20대,12290
2001,동대문구,30대,13173
2001,동대문구,40대,12635
2001,동대문구,50대,17379
2001,동대문구,60대 이상,10940
2001,중랑구,10대,6733
2001,중랑구,20대,7874
2001,중랑구,30대,8135
2001,중랑구,40대,15741
2001,중랑구,50대,5475
2001,중랑구,60대 이상,2726
2001,성북구,10대,1900
2001,성북구,20대,6371
2001,성북구,30대,12850
2001,성북구,40대,9624
2001,성북구,50대,10850
2001,성북구,60대 이상,9272
2001,강북구,10대,1504
2001,강북구,20대,14368
2001,강북구,30대,9855
2001,강북구,40대,6369
2001,강북구,50대,13826
2001,강북구,60대 이상,19735
2001,도봉구,10대,7088
2001,도봉구,20대,2241
2001,도봉구,30대,6807
2001,도봉구,40대,18144
2001,도봉구,50대,4892
2001,도봉구,60대 이상,5895
2001,노원구,10대,10903
2001,노원구,20대,13679
2001,노원구,30대,18837
2001,노원구,40대,12658
2001,노원구,50대,8719
2001,노원구,60대 이상,7541
2001,은평구,10대,10153
2001,은평구,20대,18594
2001,은평구,30대,16033
2001,은평구,40대,8929
2001,은평구,50대,7729
2001,은평구,60대 이상,12010
2001,서대문구,10대,16158
2001,서대문구,20대,904
2001,서대문구,30대,9356
2001,서대문구,40대,5948
2001,서대문구,50대,18077
2001,서대문구,60대 이상,6566
2001,마포구,10대,13073
2001,마포구,20대,5024
2001,마포구,30대,1557
2001,마포구,40대,6268
2001,마포구,50대,13470
2001,마포구,60대 이상,12880
2001,양천구,10대,10583
2001,양천구,20대,13072
2001,양천구,30대,2388
2001,양천구,40대,1265
2001,양천구,50대,2546
2001,양천구,60대 이상,5785
2001,강서구,10대,10611
2001,강서구,20대,7013
2001,강서구,30대,17965
2001,강서구,40대,8079
2001,강서구,50대,16598
2001,강서구,60대 이상,1671
2001,구로구,10대,8913
2001,구로구,20대,16452
2001,구로구,30대,5051
2001,구로구,40대,5220
2001,구로구,50대,13500
2001,구로구,60대 이상,11677
2001,금천구,10대,3711
2001,금천구,20대,4867
2001,금천구,30대,15804
2001,금천구,40대,10356
2001,금천구,50대,12786
2001,금천구,60대 이상,4518
2001,영등포구,10대,7285
2001,영등포구,20대,13714
2001,영등포구,30대,3654
2001,영등포구,40대,17503
2001,영등포구,50대,15024
2001,영등포구,60대 이상,13344
2001,동작구,10대,17834
2001,동작구,20대,11142
2001,동작구,30대,19445
2001,동작구,40대,1458
2001,동작구,50대,7966
2001,동작구,60대 이상,9597
2001,관악구,10대,15924
2001,관악구,20대,2031
2001,관악구,30대,11981
2001,관악구,40대,19901
2001,관악구,50대,1090
2001,관악구,60대 이상,9263
2001,서초구,10대,16234
2001,서초구,20대,12104
2001,서초구,30대,15241
2001,서초구,40대,9694
2001,서초구,50대,19815
2001,서초구,60대 이상,18245
2001,강남구,10대,4604
2001,강남구,20대,5915
2001,강남구,30대,9422
2001,강남구,40대,8882
2001,강남구,50대,19845
2001,강남구,60대 이상,3964
2001,송파구,10대,10170
2001,송파구,20대,14530
2001,송파구,30대,4683
2001,송파구,40대,13239
2001,송파구,50대,9516
2001,송파구,60대 이상,8255
2001,강동구,10대,14934
2001,강동구,20대,6316
2001,강동구,30대,8935
2001,강동구,40대,8828
2001,강동구,50대,7361
2001,강동구,60대 이상,9232
2002,종로구,10대,12027
2002,종로구,20대,14788
2002,종로구,30대,19031
2002,종로구,40대,9230
2002,종로구,50대,15496
2002,종로구,60대 이상,3087
2002,중구,10대,2172
2002,중구,20대,8936
2002,중구,30대,1333
2002,중구,40대,19796
2002,중구,50대,10556
2002,중구,60대 이상,17310
2002,용산구,10대,11749
2002,용산구,20대,13861
2002,용산구,30대,2505
2002,용산구,40대,17362
2002,용산구,50대,4869
2002,용산구,60대 이상,15372
2002,성동구,10대,6783
2002,성동구,20대,15277
2002,성동구,30대,10403
2002,성동구,40대,12976
2002,성동구,50대,7223
2002,성동구,60대 이상,18781
2002,광진구,10대,15962
2002,광진구,20대,15861
2002,광진구,30대,10036
2002,광진구,40대,19431
2002,광진구,50대,10561
2002,광진구,60대 이상,4867
2002,동대문구,10대,15006
2002,동대문구,20대,8485
2002,동대문구,30대,3895
2002,동대문구,40대,14272
2002,동대문구,50대,18555
2002,동대문구,60대 이상,18418
2002,중랑구,10대,17181
2002,중랑구,20대,14796
2002,중랑구,30대,2892
2002,중랑구,40대,6337
2002,중랑구,50대,3061
2002,중랑구,60대 이상,9957
2002,성북구,10대,8019
2002,성북구,20대,17979
2002,성북구,30대,18253
2002,성북구,40대,10751
2002,성북구,50대,14866
2002,성북구,60대 이상,11071
2002,강북구,10대,7342
2002,강북구,20대,15246
2002,강북구,30대,16379
2002,강북구,40대,1664
2002,강북구,50대,6944
2002,강북구,60대 이상,13991
2002,도봉구,10대,3901
2002,도봉구,20대,3699
2002,도봉구,30대,8901
2002,도봉구,40대,4100
2002,도봉구,50대,6417
2002,도봉구,60대 이상,8394
2002,노원구,10대,14321
2002,노원구,20대,18359
2002,노원구,30대,2430
2002,노원구,40대,15550
2002,노원구,50대,4805
2002,노원구,60대 이상,19561
2002,은평구,10대,708
2002,은평구,20대,5763
2002,은평구,30대,3293
2002,은평구,40대,14273
2002,은평구,50대,19946
2002,은평구,60대 이상,14761
2002,서대문구,10대,14443
2002,서대문구,20대,17820
2002,서대문구,30대,3095
2002,서대문구,40대,18809
2002,서대문구,50대,6495
2002,서대문구,60대 이상,5100
2002,마포구,10대,11500
2002,마포구,20대,4544
2002,마포구,30대,10378
2002,마포구,40대,18626
2002,마포구,50대,6571
2002,마포구,60대 이상,2393
2002,양천구,10대,3488
2002,양천구,20대,13140
2002,양천구,30대,17983
2002,양천구,40대,19021
2002,양천구,50대,2507
2002,양천구,60대 이상,14129
2002,강서구,10대,7418
2002,강서구,20대,17178
2002,강서구,30대,14440
2002,강서구,40대,13122
2002,강서구,50대,16972
2002,강서구,60대 이상,17395
2002,구로구,10대,17418
2002,구로구,20대,16119
2002,구로구,30대,11476
2002,구로구,40대,16931
2002,구로구,50대,3120
2002,구로구,60대 이상,4650
2002,금천구,10대,2841
2002,금천구,20대,7719
2002,금천구,30대,19701
2002,금천구,40대,16375
2002,금천구,50대,14898
2002,금천구,60대 이상,4341
2002,영등포구,10대,11028
2002,영등포구,20대,6386
2002,영등포구,30대,15138
2002,영등포구,40대,16700
2002,영등포구,50대,14841
2002,영등포구,60대 이상,9614
2002,동작구,10대,15968
2002,동작구,20대,18400
2002,동작구,30대,18576
2002,동작구,40대,9166
2002,동작구,50대,4168
2002,동작구,60대 이상,16113
2002,관악구,10대,19672
2002,관악구,20대,2447
2002,관악구,30대,16213
2002,관악구,40대,18687
2002,관악구,50대,3281
2002,관악구,60대 이상,18346
2002,서초구,10대,12450
2002,서초구,20대,20000
2002,서초구,30대,8229
2002,서초구,40대,6191
2002,서초구,50대,15871
2002,서초구,60대 이상,6580
2002,강남구,10대,18000
2002,강남구,20대,1773
2002,강남구,30대,1644
2002,강남구,40대,12918
2002,강남구,50대,19925
2002,강남구,60대 이상,9065
2002,송파구,10대,10579
2002,송파구,20대,19908
2002,송파구,30대,5242
2002,송파구,40대,16866
2002,송파구,50대,9435
2002,송파구,60대 이상,19247
2002,강동구,10대,7309
2002,강동구,20대,12538
2002,강동구,30대,5762
2002,강동구,40대,5277
2002,강동구,50대,17093
2002,강동구,60대 이상,3161
2003,종로구,10대,4041
2003,종로구,20대,2401
2003,종로구,30대,3655
2003,종로구,40대,11510
2003,종로구,50대,11568
2003,종로구,60대 이상,3841
2003,중구,10대,16313
2003,중구,20대,631
2003,중구,30대,8742
2003,중구,40대,10032
2003,중구,50대,18796
2003,중구,60대 이상,10779
2003,용산구,10대,17030
2003,용산구,20대,1084
2003,용산구,30대,6447
2003,용산구,40대,12310
2003,용산구,50대,15224
2003,용산구,60대 이상,3457
2003,성동구,10대,16777
2003,성동구,20대,1379
2003,성동구,30대,19899
2003,성동구,40대,6631
2003,성동구,50대,16651
2003,성동구,60대 이상,12361
2003,광진구,10대,12671
2003,광진구,20대,10388
2003,광진구,30대,17499
2003,광진구,40대,13253
2003,광진구,50대,13943
2003,광진구,60대 이상,9840
2003,동대문구,10대,4848
2003,동대문구,20대,19677
2003,동대문구,30대,13508
2003,동대문구,40대,4733
2003,동대문구,50대,651
2003,동대문구,60대 이상,14796
2003,중랑구,10대,10034
2003,중랑구,20대,8321
2003,중랑구,30대,17891
2003,중랑구,40대,4001
2003,중랑구,50대,12022
2003,중랑구,60대 이상,1922
2003,성북구,10대,8187
2003,성북구,20대,11592
2003,성북구,30대,17521
2003,성북구,40대,15064
2003,성북구,50대,14247
2003,성북구,60대 이상,13592
2003,강북구,10대,16545
2003,강북구,20대,6440
2003,강북구,30대,15235
2003,강북구,40대,11360
2003,강북구,50대,17897
2003,강북구,60대 이상,15190
2003,도봉구,10대,4822
2003,도봉구,20대,6333
2003,도봉구,30대,15909
2003,도봉구,40대,15804
2003,도봉구,50대,4094
2003,도봉구,60대 이상,14372
2003,노원구,10대,17517
2003,노원구,20대,5366
2003,노원구,30대,15627
2003,노원구,40대,18992
2003,노원구,50대,13289
2003,노원구,60대 이상,17929
2003,은평구,10대,555
2003,은평구,20대,2993
2003,은평구,30대,7960
2003,은평구,40대,8677
2003,은평구,50대,3643
2003,은평구,60대 이상,18105
2003,서대문구,10대,15112
2003,서대문구,20대,7380
2003,서대문구,30대,19635
2003,서대문구,40대,15202
2003,서대문구,50대,12609
2003,서대문구,60대 이상,3666
2003,마포구,10대,10639
2003,마포구,20대,4499
2003,마포구,30대,16831
2003,마포구,40대,14644
2003,마포구,50대,15582
2003,마포구,60대 이상,12063
2003,양천구,10대,947
2003,양천구,20대,12951
2003,양천구,30대,859
2003,양천구,40대,15312
2003,양천구,50대,6703
2003,양천구,60대 이상,3800
2003,강서구,10대,18947
2003,강서구,20대,3041
2003,강서구,30대,18679
2003,강서구,40대,14159
2003,강서구,50대,8977
2003,강서구,60대 이상,9774
2003,구로구,10대,19525
2003,구로구,20대,4997
2003,구로구,30대,14029
2003,구로구,40대,5284
2003,구로구,50대,12904
2003,구로구,60대 이상,3096
2003,금천구,10대,19123
2003,금천구,20대,6849
2003,금천구,30대,9679
2003,금천구,40대,9710
2003,금천구,50대,1940
2003,금천구,60대 이상,10035
2003,영등포구,10대,2882
2003,영등포구,20대,15877
2003,영등포구,30대,12414
2003,영등포구,40대,1178
2003,영등포구,50대,11439
2003,영등포구,60대 이상,13218
2003,동작구,10대,4372
2003,동작구,20대,6256
2003,동작구,30대,15462
2003,동작구,40대,7284
2003,동작구,50대,18801
2003,동작구,60대 이상,7126
2003,관악구,10대,18523
2003,관악구,20대,11089
2003,관악구,30대,15250
2003,관악구,40대,2923
2003,관악구,50대,6941
2003,관악구,60대 이상,16915
2003,서초구,10대,10973
2003,서초구,20대,7022
2003,서초구,30대,10398
2003,서초구,40대,15812
2003,서초구,50대,4728
2003,서초구,60대 이상,8917
2003,강남구,10대,18758
2003,강남구,20대,7295
2003,강남구,30대,6854
2003,강남구,40대,12846
2003,강남구,50대,3248
2003,강남구,60대 이상,1201
2003,송파구,10대,2671
2003,송파구,20대,12853
2003,송파구,30대,5000
2003,송파구,40대,9839
2003,송파구,50대,10046
2003,송파구,60대 이상,16649
2003,강동구,10대,7410
2003,강동구,20대,19539
2003,강동구,30대,3054
2003,강동구,40대,15341
2003,강동구,50대,18326
2003,강동구,60대 이상,19570
2004,종로구,10대,5802
2004,종로구,20대,5940
2004,종로구,30대,18633
2004,종로구,40대,13042
2004,종로구,50대,543
2004,종로구,60대 이상,10436
2004,중구,10대,7496
2004,중구,20대,13774
2004,중구,30대,18683
2004,중구,40대,3724
2004,중구,50대,9015
2004,중구,60대 이상,11740
2004,용산구,10대,16697
2004,용산구,20대,17201
2004,용산구,30대,10299
2004,용산구,40대,4455
2004,용산구,50대,17087
2004,용산구,60대 이상,15791
2004,성동구,10대,11167
2004,성동구,20대,9947
2004,성동구,30대,11763
2004,성동구,40대,13398
2004,성동구,50대,11550
2004,성동구,60대 이상,8410
2004,광진구,10대,2593
2004,광진구,20대,622
2004,광진구,30대,16500
2004,광진구,40대,6432
2004,광진구,50대,2367
2004,광진구,60대 이상,11954
2004,동대문구,10대,12551
2004,동대문구,20대,1038
2004,동대문구,30대,7434
2004,동대문구,40대,6256
2004,동대문구,50대,3603
2004,동대문구,60대 이상,18068
2004,중랑구,10대,10242
2004,중랑구,20대,1083
2004,중랑구,30대,15477
2004,중랑구,40대,15882
2004,중랑구,50대,7704
2004,중랑구,60대 이상,4728
2004,성북구,10대,9601
2004,성북구,20대,10687
2004,성북구,30대,15291
2004,성북구,40대,14295
2004,성북구,50대,15839
2004,성북구,60대 이상,8599
2004,강북구,10대,11760
2004,강북구,20대,16577
2004,강북구,30대,8856
2004,강북구,40대,11042
2004,강북구,50대,17219
2004,강북구,60대 이상,16952
2004,도봉구,10대,15472
2004,도봉구,20대,18373
2004,도봉구,30대,12728
2004,도봉구,40대,7384
2004,도봉구,50대,9019
2004,도봉구,60대 이상,2384
2004,노원구,10대,775
2004,노원구,20대,1324
2004,노원구,30대,1637
2004,노원구,40대,14947
2004,노원구,50대,17533
2004,노원구,60대 이상,14442
2004,은평구,10대,6109
2004,은평구,20대,19020
2004,은평구,30대,7062
2004,은평구,40대,7708
2004,은평구,50대,14620
2004,은평구,60대 이상,11162
2004,서대문구,10대,13559
2004,서대문구,20대,8350
2004,서대문구,30대,16742
2004,서대문구,40대,5624
2004,서대문구,50대,767
2004,서대문구,60대 이상,15624
2004,마포구,10대,3737
2004,마포구,20대,3740
2004,마포구,30대,1415
2004,마포구,40대,17592
2004,마포구,50대,10918
2004,마포구,60대 이상,4320
2004,양천구,10대,16911
2004,양천구,20대,5557
2004,양천구,30대,706
2004,양천구,40대,16652
2004,양천구,50대,18332
2004,양천구,60대 이상,15412
2004,강서구,10대,4989
2004,강서구,20대,16160
2004,강서구,30대,19560
2004,강서구,40대,1582
2004,강서구,50대,12113
2004,강서구,60대 이상,17180
2004,구로구,10대,3088
2004,구로구,20대,1606
2004,구로구,30대,7606
2004,구로구,40대,5520
2004,구로구,50대,7795
2004,구로구,60대 이상,16086
2004,금천구,10대,14612
2004,금천구,20대,12705
2004,금천구,30대,7578
2004,금천구,40대,8566
2004,금천구,50대,17426
2004,금천구,60대 이상,5971
2004,영등포구,10대,3938
2004,영등포구,20대,6620
2004,영등포구,30대,16308
2004,영등포구,40대,14024
2004,영등포구,50대,16447
2004,영등포구,60대 이상,17532
2004,동작구,10대,10400
2004,동작구,20대,16093
2004,동작구,30대,15341
2004,동작구,40대,18729
2004,동작구,50대,11054
2004,동작구,60대 이상,15835
2004,관악구,10대,18828
2004,관악구,20대,19770
2004,관악구,30대,14288
2004,관악구,40대,1999
2004,관악구,50대,3497
2004,관악구,60대 이상,15798
2004,서초구,10대,12285
2004,서초구,20대,17985
2004,서초구,30대,11404
2004,서초구,40대,18979
2004,서초구,50대,18784
2004,서초구,60대 이상,13158
2004,강남구,10대,14321
2004,강남구,20대,14219
2004,강남구,30대,8563
2004,강남구,40대,15739
2004,강남구,50대,11128
2004,강남구,60대 이상,19585
2004,송파구,10대,9059
2004,송파구,20대,9743
2004,송파구,30대,17180
2004,송파구,40대,13487
2004,송파구,50대,1056
2004,송파구,60대 이상,19449
2004,강동구,10대,2662
2004,강동구,20대,1184
2004,강동구,30대,948
2004,강동구,40대,6373
2004,강동구,50대,2663
2004,강동구,60대 이상,4516
2005,종로구,10대,16212
2005,종로구,20대,9031
2005,종로구,30대,4842
2005,종로구,40대,14783
2005,종로구,50대,12982
2005,종로구,60대 이상,6023
2005,중구,10대,8680
2005,중구,20대,10259
2005,중구,30대,13571
2005,중구,40대,8799
2005,중구,50대,9369
2005,중구,60대 이상,6231
2005,용산구,10대,13915
2005,용산구,20대,1294
2005,용산구,30대,17242
2005,용산구,40대,13868
2005,용산구,50대,19957
2005,용산구,60대 이상,5029
2005,성동구,10대,19868
2005,성동구,20대,13799
2005,성동구,30대,10367
2005,성동구,40대,13350
2005,성동구,50대,2597
2005,성동구,60대 이상,8931
2005,광진구,10대,18361
2005,광진구,20대,14608
2005,광진구,30대,8349
2005,광진구,40대,14088
2005,광진구,50대,17648
2005,광진구,60대 이상,11903
2005,동대문구,10대,11559
2005,동대문구,20대,8518
2005,동대문구,30대,9394
2005,동대문구,40대,4047
2005,동대문구,50대,1142
2005,동대문구,60대 이상,18206
2005,중랑구,10대,1384
2005,중랑구,20대,685
2005,중랑구,30대,1893
2005,중랑구,40대,14742
2005,중랑구,50대,11867
2005,중랑구,60대 이상,13869
2005,성북구,10대,7072
2005,성북구,20대,3998
2005,성북구,30대,14844
2005,성북구,40대,13475
2005,성북구,50대,11163
2005,성북구,60대 이상,10649
2005,강북구,10대,3155
2005,강북구,20대,15132
2005,강북구,30대,19305
2005,강북구,40대,4597
2005,강북구,50대,19673
2005,강북구,60대 이상,14115
2005,도봉구,10대,10884
2005,도봉구,20대,5566
2005,도봉구,30대,13579
2005,도봉구,40대,8108
2005,도봉구,50대,19426
2005,도봉구,60대 이상,1325
2005,노원구,10대,6748
2005,노원구,20대,6063
2005,노원구,30대,5678
2005,노원구,40대,10416
2005,노원구,50대,11935
2005,노원구,60대 이상,3412
2005,은평구,10대,5335
2005,은평구,20대,11168
2005,은평구,30대,2075
2005,은평구,40대,1364
2005,은평구,50대,18292
2005,은평구,60대 이상,17735
2005,서대문구,10대,3718
2005,서대문구,20대,12190
2005,서대문구,30대,5291
2005,서대문구,40대,1046
2005,서대문구,50대,9620
2005,서대문구,60대 이상,14851
2005,마포구,10대,13508
2005,마포구,20대,2121
2005,마포구,30대,3655
2005,마포구,40대,5557
2005,마포구,50대,4471
2005,마포구,60대 이상,18838
2005,양천구,10대,5494
2005,양천구,20대,18148
2005,양천구,30대,3213
2005,양천구,40대,9738
2005,양천구,50대,16421
2005,양천구,60대 이상,7362
2005,강서구,10대,15281
2005,강서구,20대,18884
2005,강서구,30대,1325
2005,강서구,40대,3758
2005,강서구,50대,3471
2005,강서구,60대 이상,1469
2005,구로구,10대,5447
2005,구로구,20대,889
2005,구로구,30대,15083
2005,구로구,40대,3968
2005,구로구,50대,8864
2005,구로구,60대 이상,16663
2005,금천구,10대,19863
2005,금천구,20대,6608
2005,금천구,30대,18015
2005,금천구,40대,8303
2005,금천구,50대,16476
2005,금천구,60대 이상,7069
2005,영등포구,10대,2610
2005,영등포구,20대,12033
2005,영등포구,30대,6751
2005,영등포구,40대,18573
2005,영등포구,50대,17294
2005,영등포구,60대 이상,3298
2005,동작구,10대,17091
2005,동작구,20대,9145
2005,동작구,30대,15274
2005,동작구,40대,17058
2005,동작구,50대,2948
2005,동작구,60대 이상,17581
2005,관악구,10대,13608
2005,관악구,20대,17466
2005,관악구,30대,5506
2005,관악구,40대,14299
2005,관악구,50대,19798
2005,관악구,60대 이상,1966
2005,서초구,10대,6962
2005,서초구,20대,6087
2005,서초구,30대,17448
2005,서초구,40대,15175
2005,서초구,50대,4493
2005,서초구,60대 이상,12189
2005,강남구,10대,5230
2005,강남구,20대,2834
2005,강남구,30대,1624
2005,강남구,40대,4884
2005,강남구,50대,12341
2005,강남구,60대 이상,3514
2005,송파구,10대,2755
2005,송파구,20대,4405
2005,송파구,30대,4649
2005,송파구,40대,11053
2005,송파구,50대,16767
2005,송파구,60대 이상,14529
2005,강동구,10대,12545
2005,강동구,20대,2251
2005,강동구,30대,17388
2005,강동구,40대,12554
2005,강동구,50대,1225
2005,강동구,60대 이상,17104
2006,종로구,10대,11230
2006,종로구,20대,9053
2006,종로구,30대,2608
2006,종로구,40대,7012
2006,종로구,50대,18951
2006,종로구,60대 이상,3034
2006,중구,10대,8934
2006,중구,20대,9483
2006,중구,30대,1436
2006,중구,40대,2123
2006,중구,50대,11087
2006,중구,60대 이상,16225
2006,용산구,10대,2713
2006,용산구,20대,13532
2006,용산구,30대,3237
2006,용산구,40대,10983
2006,용산구,50대,10165
2006,용산구,60대 이상,17953
2006,성동구,10대,2082
2006,성동구,20대,7394
2006,성동구,30대,12484
2006,성동구,40대,19820
2006,성동구,50대,5251
2006,성동구,60대 이상,7109
2006,광진구,10대,3201
2006,광진구,20대,16517
2006,광진구,30대,1011
2006,광진구,40대,14751
2006,광진구,50대,12621
2006,광진구,60대 이상,6674
2006,동대문구,10대,9845
2006,동대문구,20대,18409
2006,동대문구,30대,9990
2006,동대문구,40대,4983
2006,동대문구,50대,13606
2006,동대문구,60대 이상,12431
2006,중랑구,10대,14431
2006,중랑구,20대,19772
2006,중랑구,30대,1875
2006,중랑구,40대,13163
2006,중랑구,50대,12787
2006,중랑구,60대 이상,16702
2006,성북구,10대,16219
2006,성북구,20대,12631
2006,성북구,30대,2656
2006,성북구,40대,2037
2006,성북구,50대,17194
2006,성북구,60대 이상,16333
2006,강북구,10대,7173
2006,강북구,20대,6786
2006,강북구,30대,9429
2006,강북구,40대,15753
2006,강북구,50대,14047
2006,강북구,60대 이상,9724
2006,도봉구,10대,13942
2006,도봉구,20대,6520
2006,도봉구,30대,5851
2006,도봉구,40대,5796
2006,도봉구,50대,18789
2006,도봉구,60대 이상,11930
2006,노원구,10대,19115
2006,노원구,20대,17501
2006,노원구,30대,9695
2006,노원구,40대,5615
2006,노원구,50대,9070
2006,노원구,60대 이상,7543
2006,은평구,10대,3589
2006,은평구,20대,11013
2006,은평구,30대,13240
2006,은평구,40대,9848
2006,은평구,50대,1701
2006,은평구,60대 이상,1076
2006,서대문구,10대,14594
2006,서대문구,20대,11298
2006,서대문구,30대,11468
2006,서대문구,40대,16575
2006,서대문구,50대,1688
2006,서대문구,60대 이상,9078
2006,마포구,10대,15021
2006,마포구,20대,7443
2006,마포구,30대,2049
2006,마포구,40대,3666
2006,마포구,50대,15539
2006,마포구,60대 이상,18247
2006,양천구,10대,15520
2006,양천구,20대,5594
2006,양천구,30대,11773
2006,양천구,40대,10927
2006,양천구,50대,16237
2006,양천구,60대 이상,16538
2006,강서구,10대,18495
2006,강서구,20대,18663
2006,강서구,30대,13164
2006,강서구,40대,14630
2006,강서구,50대,11947
2006,강서구,60대 이상,8199
2006,구로구,10대,15460
2006,구로구,20대,2098
2006,구로구,30대,1175
2006,구로구,40대,5743
2006,구로구,50대,9831
2006,구로구,60대 이상,6988
2006,금천구,10대,867
2006,금천구,20대,17891
2006,금천구,30대,18962
2006,금천구,40대,9545
2006,금천구,50대,11335
2006,금천구,60대 이상,5459
2006,영등포구,10대,12057
2006,영등포구,20대,1260
2006,영등포구,30대,14548
2006,영등포구,40대,6400
2006,영등포구,50대,5192
2006,영등포구,60대 이상,18043
2006,동작구,10대,1901
2006,동작구,20대,690
2006,동작구,30대,5928
2006,동작구,40대,7221
2006,동작구,50대,7080
2006,동작구,60대 이상,1723
2006,관악구,10대,4142
2006,관악구,20대,10905
2006,관악구,30대,5649
2006,관악구,40대,9803
2006,관악구,50대,12058
2006,관악구,60대 이상,9073
2006,서초구,10대,1098
2006,서초구,20대,18087
2006,서초구,30대,1881
2006,서초구,40대,14122
2006,서초구,50대,3232
2006,서초구,60대 이상,16257
2006,강남구,10대,7642
2006,강남구,20대,15205
2006,강남구,30대,9479
2006,강남구,40대,17938
2006,강남구,50대,10369
2006,강남구,60대 이상,13215
2006,송파구,10대,13565
2006,송파구,20대,2332
2006,송파구,30대,17097
2006,송파구,40대,8268
2006,송파구,50대,2706
2006,송파구,60대 이상,4754
2006,강동구,10대,15056
2006,강동구,20대,14978
2006,강동구,30대,1868
2006,강동구,40대,2847
2006,강동구,50대,18927
2006,강동구,60대 이상,8100
2007,종로구,10대,8537
2007,종로구,20대,7508
2007,종로구,30대,16589
2007,종로구,40대,14364
2007,종로구,50대,10737
2007,종로구,60대 이상,18372
2007,중구,10대,2622
2007,중구,20대,3859
2007,중구,30대,8217
2007,중구,40대,16922
2007,중구,50대,12493
2007,중구,60대 이상,5947
2007,용산구,10대,14330
2007,용산구,20대,7496
2007,용산구,30대,1712
2007,용산구,40대,6565
2007,용산구,50대,15352
2007,용산구,60대 이상,3910
2007,성동구,10대,16067
2007,성동구,20대,13533
2007,성동구,30대,7575
2007,성동구,40대,4301
2007,성동구,50대,11652
2007,성동구,60대 이상,8689
2007,광진구,10대,4474
2007,광진구,20대,15442
2007,광진구,30대,13761
2007,광진구,40대,10378
2007,광진구,50대,17667
2007,광진구,60대 이상,1219
2007,동대문구,10대,847
2007,동대문구,20대,8316
2007,동대문구,30대,2376
2007,동대문구,40대,18701
2007,동대문구,50대,3530
2007,동대문구,60대 이상,18722
2007,중랑구,10대,4659
2007,중랑구,20대,19558
2007,중랑구,30대,19036
2007,중랑구,40대,7602
2007,중랑구,50대,2714
2007,중랑구,60대 이상,19209
2007,성북구,10대,9764
2007,성북구,20대,14722
2007,성북구,30대,12574
2007,성북구,40대,17648
2007,성북구,50대,14419
2007,성북구,60대 이상,10959
2007,강북구,10대,15191
2007,강북구,20대,3774
2007,강북구,30대,18041
2007,강북구,40대,15040
2007,강북구,50대,17261
2007,강북구,60대 이상,13145
2007,도봉구,10대,1266
2007,도봉구,20대,14915
2007,도봉구,30대,3817
2007,도봉구,40대,13165
2007,도봉구,50대,2998
2007,도봉구,60대 이상,5088
2007,노원구,10대,2969
2007,노원구,20대,1506
2007,노원구,30대,3590
2007,노원구,40대,7688
2007,노원구,50대,13144
2007,노원구,60대 이상,17233
2007,은평구,10대,5226
2007,은평구,20대,17341
2007,은평구,30대,13163
2007,은평구,40대,7904
2007,은평구,50대,6467
2007,은평구,60대 이상,17464
2007,서대문구,10대,13389
2007,서대문구,20대,13848
2007,서대문구,30대,9059
2007,서대문구,40대,14056
2007,서대문구,50대,5760
2007,서대문구,60대 이상,17027
2007,마포구,10대,17971
2007,마포구,20대,12591
2007,마포구,30대,7547
2007,마포구,40대,14181
2007,마포구,50대,18915
2007,마포구,60대 이상,13119
2007,양천구,10대,11474
2007,양천구,20대,11389
2007,양천구,30대,10105
2007,양천구,40대,10000
2007,양천구,50대,871
2007,양천구,60대 이상,9976
2007,강서구,10대,13564
2007,강서구,20대,15508
2007,강서구,30대,6157
2007,강서구,40대,9401
2007,강서구,50대,13002
2007,강서구,60대 이상,19836
2007,구로구,10대,10527
2007,구로구,20대,16808
2007,구로구,30대,17183
2007,구로구,40대,7758
2007,구로구,50대,11439
2007,구로구,60대 이상,16458
2007,금천구,10대,17912
2007,금천구,20대,18099
2007,금천구,30대,1196
2007,금천구,40대,7527
2007,금천구,50대,14104
2007,금천구,60대 이상,19499
2007,영등포구,10대,16628
2007,영등포구,20대,19313
2007,영등포구,30대,11333
2007,영등포구,40대,19954
2007,영등포구,50대,12011
2007,영등포구,60대 이상,18470
2007,동작구,10대,5200
2007,동작구,20대,11064
2007,동작구,30대,6663
2007,동작구,40대,19849
2007,동작구,50대,2961
2007,동작구,60대 이상,2363
2007,관악구,10대,8557
2007,관악구,20대,6237
2007,관악구,30대,10317
2007,관악구,40대,7388
2007,관악구,50대,5036
2007,관악구,60대 이상,4780
2007,서초구,10대,11436
2007,서초구,20대,11998
2007,서초구,30대,1087
2007,서초구,40대,7379
2007,서초구,50대,3039
2007,서초구,60대 이상,2859
2007,강남구,10대,11511
2007,강남구,20대,5160
2007,강남구,30대,12460
2007,강남구,40대,7629
2007,강남구,50대,14522
2007,강남구,60대 이상,3646
2007,송파구,10대,2444
2007,송파구,20대,14434
2007,송파구,30대,19839
2007,송파구,40대,12893
2007,송파구,50대,5050
2007,송파구,60대 이상,6590
2007,강동구,10대,12577
2007,강동구,20대,5411
2007,강동구,30대,5787
2007,강동구,40대,19456
2007,강동구,50대,3620
2007,강동구,60대 이상,2127
2008,종로구,10대,1113
2008,종로구,20대,3566
2008,종로구,30대,5146
2008,종로구,40대,16550
2008,종로구,50대,17871
2008,종로구,60대 이상,12902
2008,중구,10대,10555
2008,중구,20대,13333
2008,중구,30대,1091
2008,중구,40대,4897
2008,중구,50대,609
2008,중구,60대 이상,6460
2008,용산구,10대,15196
2008,용산구,20대,9868
2008,용산구,30대,7201
2008,용산구,40대,6429
2008,용산구,50대,7695
2008,용산구,60대 이상,6282
2008,성동구,10대,5463
2008,성동구,20대,4388
2008,성동구,30대,6356
2008,성동구,40대,7088
2008,성동구,50대,17969
2008,성동구,60대 이상,12169
2008,광진구,10대,3041
2008,광진구,20대,17302
2008,광진구,30대,2015
2008,광진구,40대,19621
2008,광진구,50대,1456
2008,광진구,60대 이상,10567
2008,동대문구,10대,14225
2008,동대문구,20대,3251
2008,동대문구,30대,9111
2008,동대문구,40대,17389
2008,동대문구,50대,5268
2008,동대문구,60대 이상,15823
2008,중랑구,10대,16928
2008,중랑구,20대,7540
2008,중랑구,30대,5712
2008,중랑구,40대,690
2008,중랑구,50대,16331
2008,중랑구,60대 이상,13624
2008,성북구,10대,2834
2008,성북구,20대,6243
2008,성북구,30대,7526
2008,성북구,40대,19894
2008,성북구,50대,3032
2008,성북구,60대 이상,17551
2008,강북구,10대,11370
2008,강북구,20대,4074
2008,강북구,30대,10846
2008,강북구,40대,2330
2008,강북구,50대,9916
2008,강북구,60대 이상,13876
2008,도봉구,10대,7884
2008,도봉구,20대,16875
2008,도봉구,30대,16194
2008,도봉구,40대,15111
2008,도봉구,50대,9945
2008,도봉구,60대 이상,16021
2008,노원구,10대,12847
2008,노원구,20대,1806
2008,노원구,30대,17703
2008,노원구,40대,3667
2008,노원구,50대,19314
2008,노원구,60대 이상,15794
2008,은평구,10대,3633
2008,은평구,20대,11126
2008,은평구,30대,7240
2008,은평구,40대,9425
2008,은평구,50대,2966
2008,은평구,60대 이상,19320
2008,서대문구,10대,18675
2008,서대문구,20대,4631
2008,서대문구,30대,4668
2008,서대문구,40대,3027
2008,서대문구,50대,2106
2008,서대문구,60대 이상,4730
2008,마포구,10대,17721
2008,마포구,20대,11163
2008,마포구,30대,12452
2008,마포구,40대,1480
2008,마포구,50대,14245
2008,마포구,60대 이상,7488
2008,양천구,10대,15219
2008,양천구,20대,10477
2008,양천구,30대,9787
2008,양천구,40대,5327
2008,양천구,50대,766
2008,양천구,60대 이상,7420
2008,강서구,10대,9463
2008,강서구,20대,1094
2008,강서구,30대,12560
2008,강서구,40대,11975
2008,강서구,50대,7346
2008,강서구,60대 이상,5856
2008,구로구,10대,9470
2008,구로구,20대,12534
2008,구로구,30대,5738
2008,구로구,40대,19776
2008,구로구,50대,8551
2008,구로구,60대 이상,15156
2008,금천구,10대,5453
2008,금천구,20대,14464
2008,금천구,30대,14936
2008,금천구,40대,19130
2008,금천구,50대,15326
2008,금천구,60대 이상,15517
2008,영등포구,10대,4899
2008,영등포구,20대,14054
2008,영등포구,30대,10966
2008,영등포구,40대,1742
2008,영등포구,50대,18949
2008,영등포구,60대 이상,6870
2008,동작구,10대,6533
2008,동작구,20대,2972
2008,동작구,30대,3112
2008,동작구,40대,7966
2008,동작구,50대,7536
2008,동작구,60대 이상,5473
2008,관악구,10대,14279
2008,관악구,20대,6462
2008,관악구,30대,18345
2008,관악구,40대,5599
2008,관악구,50대,11932
2008,관악구,60대 이상,9321
2008,서초구,10대,19988
2008,서초구,20대,16192
2008,서초구,30대,3822
2008,서초구,40대,10052
2008,서초구,50대,1974
2008,서초구,60대 이상,11385
2008,강남구,10대,8915
2008,강남구,20대,9008
2008,강남구,30대,15316
2008,강남구,40대,19794
2008,강남구,50대,6986
2008,강남구,60대 이상,1686
2008,송파구,10대,17377
2008,송파구,20대,4374
2008,송파구,30대,16668
2008,송파구,40대,10901
2008,송파구,50대,16258
2008,송파구,60대 이상,18476
2008,강동구,10대,14205
2008,강동구,20대,19871
2008,강동구,30대,16095
2008,강동구,40대,19753
2008,강동구,50대,14814
2008,강동구,60대 이상,6184
2009,종로구,10대,7585
2009,종로구,20대,14200
2009,종로구,30대,16953
2009,종로구,40대,8535
2009,종로구,50대,19605
2009,종로구,60대 이상,2056
2009,중구,10대,5989
2009,중구,20대,14499
2009,중구,30대,14913
2009,중구,40대,18380
2009,중구,50대,18378
2009,중구,60대 이상,10506
2009,용산구,10대,13332
2009,용산구,20대,4287
2009,용산구,30대,16362
2009,용산구,40대,7358
2009,용산구,50대,7766
2009,용산구,60대 이상,19450
2009,성동구,10대,14706
2009,성동구,20대,11801
2009,성동구,30대,13640
2009,성동구,40대,1372
2009,성동구,50대,18233
2009,성동구,60대 이상,6139
2009,광진구,10대,11850
2009,광진구,20대,3266
2009,광진구,30대,10788
2009,광진구,40대,4283
2009,광진구,50대,5494
2009,광진구,60대 이상,15957
2009,동대문구,10대,14992
2009,동대문구,20대,1327
2009,동대문구,30대,2549
2009,동대문구,40대,7956
2009,동대문구,50대,14634
2009,동대문구,60대 이상,12795
2009,중랑구,10대,17897
2009,중랑구,20대,14184
2009,중랑구,30대,19710
2009,중랑구,40대,17490
2009,중랑구,50대,5152
2009,중랑구,60대 이상,17263
2009,성북구,10대,17065
2009,성북구,20대,2511
2009,성북구,30대,15326
2009,성북구,40대,1188
2009,성북구,50대,8755
2009,성북구,60대 이상,1918
2009,강북구,10대,2459
2009,강북구,20대,7605
2009,강북구,30대,11126
2009,강북구,40대,6388
2009,강북구,50대,12414
2009,강북구,60대 이상,19184
2009,도봉구,10대,18724
2009,도봉구,20대,1559
2009,도봉구,30대,11433
2009,도봉구,40대,17578
2009,도봉구,50대,4750
2009,도봉구,60대 이상,17680
2009,노원구,10대,13173
2009,노원구,20대,12616
2009,노원구,30대,18293
2009,노원구,40대,6445
2009,노원구,50대,11014
2009,노원구,60대 이상,1671
2009,은평구,10대,17201
2009,은평구,20대,16938
2009,은평구,30대,3327
2009,은평구,40대,10086
2009,은평구,50대,15852
2009,은평구,60대 이상,11153
2009,서대문구,10대,14114
2009,서대문구,20대,9126
2009,서대문구,30대,11196
2009,서대문구,40대,4628
2009,서대문구,50대,14569
2009,서대문구,60대 이상,14963
2009,마포구,10대,6147
2009,마포구,20대,11715
2009,마포구,30대,11007
2009,마포구,40대,3062
2009,마포구,50대,9231
2009,마포구,60대 이상,5072
2009,양천구,10대,18368
2009,양천구,20대,19727
2009,양천구,30대,18380
2009,양천구,40대,19783
2009,양천구,50대,11536
2009,양천구,60대 이상,9528
2009,강서구,10대,6112
2009,강서구,20대,9101
2009,강서구,30대,18791
2009,강서구,40대,4549
2009,강서구,50대,1365
2009,강서구,60대 이상,13990
2009,구로구,10대,12153
2009,구로구,20대,17444
2009,구로구,30대,17077
2009,구로구,40대,8595
2009,구로구,50대,19579
2009,구로구,60대 이상,12825
2009,금천구,10대,13979
2009,금천구,20대,18344
2009,금천구,30대,1322
2009,금천구,40대,11187
2009,금천구,50대,4343
2009,금천구,60대 이상,3099
2009,영등포구,10대,13483
2009,영등포구,20대,10739
2009,영등포구,30대,10909
2009,영등포구,40대,4583
2009,영등포구,50대,797
2009,영등포구,60대 이상,6660
2009,동작구,10대,10697
2009,동작구,20대,7943
2009,동작구,30대,16943
2009,동작구,40대,18343
2009,동작구,50대,16714
2009,동작구,60대 이상,15251
2009,관악구,10대,6815
2009,관악구,20대,6871
2009,관악구,30대,5845
2009,관악구,40대,12789
2009,관악구,50대,10707
2009,관악구,60대 이상,6236
2009,서초구,10대,14134
2009,서초구,20대,6394
2009,서초구,30대,1178
2009,서초구,40대,15827
2009,서초구,50대,8072
2009,서초구,60대 이상,3785
2009,강남구,10대,16045
2009,강남구,20대,11538
2009,강남구,30대,8913
2009,강남구,40대,1585
2009,강남구,50대,19549
2009,강남구,60대 이상,5940
2009,송파구,10대,18630
2009,송파구,20대,10133
2009,송파구,30대,14321
2009,송파구,40대,647
2009,송파구,50대,10038
2009,송파구,60대 이상,2567
2009,강동구,10대,11048
2009,강동구,20대,8549
2009,강동구,30대,10140
2009,강동구,40대,14420
2009,강동구,50대,8992
2009,강동구,60대 이상,5183
2010,종로구,10대,8576
2010,종로구,20대,11610
2010,종로구,30대,11802
2010,종로구,40대,1420
2010,종로구,50대,5259
2010,종로구,60대 이상,5144
2010,중구,10대,3620
2010,중구,20대,12191
2010,중구,30대,13027
2010,중구,40대,18550
2010,중구,50대,12358
2010,중구,60대 이상,10909
2010,용산구,10대,1824
2010,용산구,20대,4892
2010,용산구,30대,5384
2010,용산구,40대,12146
2010,용산구,50대,18665
2010,용산구,60대 이상,19313
2010,성동구,10대,15411
2010,성동구,20대,17990
2010,성동구,30대,14143
2010,성동구,40대,16728
2010,성동구,50대,3197
2010,성동구,60대 이상,17141
2010,광진구,10대,1664
2010,광진구,20대,6332
2010,광진구,30대,2690
2010,광진구,40대,17692
2010,광진구,50대,12212
2010,광진구,60대 이상,7479
2010,동대문구,10대,1421
2010,동대문구,20대,7478
2010,동대문구,30대,5169
2010,동대문구,40대,8571
2010,동대문구,50대,4471
2010,동대문구,60대 이상,11432
2010,중랑구,10대,15562
2010,중랑구,20대,13821
2010,중랑구,30대,15403
2010,중랑구,40대,818
2010,중랑구,50대,694
2010,중랑구,60대 이상,17939
2010,성북구,10대,13224
2010,성북구,20대,9865
2010,성북구,30대,14915
2010,성북구,40대,19024
2010,성북구,50대,17246
2010,성북구,60대 이상,3405
2010,강북구,10대,6053
2010,강북구,20대,1449
2010,강북구,30대,15259
2010,강북구,40대,7741
2010,강북구,50대,8266
2010,강북구,60대 이상,18235
2010,도봉구,10대,7027
2010,도봉구,20대,16292
2010,도봉구,30대,17571
2010,도봉구,40대,4796
2010,도봉구,50대,3818
2010,도봉구,60대 이상,5150
2010,노원구,10대,1423
2010,노원구,20대,565
2010,노원구,30대,7484
2010,노원구,40대,18669
2010,노원구,50대,2418
2010,노원구,60대 이상,12699
2010,은평구,10대,17128
2010,은평구,20대,8336
2010,은평구,30대,16038
2010,은평구,40대,12636
2010,은평구,50대,4242
2010,은평구,60대 이상,17618
2010,서대문구,10대,3559
2010,서대문구,20대,684
2010,서대문구,30대,7011
2010,서대문구,40대,17169
2010,서대문구,50대,17516
2010,서대문구,60대 이상,5311
2010,마포구,10대,7275
2010,마포구,20대,15039
2010,마포구,30대,9188
2010,마포구,40대,6491
2010,마포구,50대,12532
2010,마포구,60대 이상,12687
2010,양천구,10대,10891
2010,양천구,20대,1069
2010,양천구,30대,6924
2010,양천구,40대,9601
2010,양천구,50대,4263
2010,양천구,60대 이상,19047
2010,강서구,10대,15183
2010,강서구,20대,5968
2010,강서구,30대,10907
2010,강서구,40대,8000
2010,강서구,50대,3768
2010,강서구,60대 이상,9302
2010,구로구,10대,898
2010,구로구,20대,16276
2010,구로구,30대,3224
2010,구로구,40대,15638
2010,구로구,50대,10290
2010,구로구,60대 이상,14470
2010,금천구,10대,9889
2010,금천구,20대,14893
2010,금천구,30대,7406
2010,금천구,40대,17222
2010,금천구,50대,824
2010,금천구,60대 이상,7698
2010,영등포구,10대,12761
2010,영등포구,20대,12725
2010,영등포구,30대,17914
2010,영등포구,40대,815
2010,영등포구,50대,10401
2010,영등포구,60대 이상,19419
2010,동작구,10대,2021
2010,동작구,20대,1463
2010,동작구,30대,3725
2010,동작구,40대,1549
2010,동작구,50대,13871
2010,동작구,60대 이상,16472
2010,관악구,10대,19427
2010,관악구,20대,6920
2010,관악구,30대,17392
2010,관악구,40대,17282
2010,관악구,50대,1136
2010,관악구,60대 이상,16230
2010,서초구,10대,14522
2010,서초구,20대,2214
2010,서초구,30대,5888
2010,서초구,40대,8283
2010,서초구,50대,15168
2010,서초구,60대 이상,12820
2010,강남구,10대,13534
2010,강남구,20대,18946
2010,강남구,30대,1715
2010,강남구,40대,2193
2010,강남구,50대,8276
2010,강남구,60대 이상,2106
2010,송파구,10대,1588
2010,송파구,20대,18630
2010,송파구,30대,2438
2010,송파구,40대,2474
2010,송파구,50대,12215
2010,송파구,60대 이상,14329
2010,강동구,10대,5204
2010,강동구,20대,17481
2010,강동구,30대,15780
2010,강동구,40대,4695
2010,강동구,50대,4960
2010,강동구,60대 이상,18921
2011,종로구,10대,15321
2011,종로구,20대,13239
2011,종로구,30대,5484
2011,종로구,40대,17765
2011,종로구,50대,5277
2011,종로구,60대 이상,7338
2011,중구,10대,14122
2011,중구,20대,15045
2011,중구,30대,12908
2011,중구,40대,19295
2011,중구,50대,9248
2011,중구,60대 이상,11054
2011,용산구,10대,5550
2011,용산구,20대,12089
2011,용산구,30대,16513
2011,용산구,40대,15494
2011,용산구,50대,2680
2011,용산구,60대 이상,1550
2011,성동구,10대,1232
2011,성동구,20대,566
2011,성동구,30대,19250
2011,성동구,40대,17278
2011,성동구,50대,13718
2011,성동구,60대 이상,505
2011,광진구,10대,13611
2011,광진구,20대,11867
2011,광진구,30대,11678
2011,광진구,40대,18367
2011,광진구,50대,3341
2011,광진구,60대 이상,2776
2011,동대문구,10대,13183
2011,동대문구,20대,6014
2011,동대문구,30대,8504
2011,동대문구,40대,15513
2011,동대문구,50대,4089
2011,동대문구,60대 이상,19392
2011,중랑구,10대,15131
2011,중랑구,20대,4363
2011,중랑구,30대,16368
2011,중랑구,40대,19813
2011,중랑구,50대,610
2011,중랑구,60대 이상,15765
2011,성북구,10대,14959
2011,성북구,20대,5504
2011,성북구,30대,3081
2011,성북구,40대,11822
2011,성북구,50대,15696
2011,성북구,60대 이상,8230
2011,강북구,10대,4002
2011,강북구,20대,19862
2011,강북구,30대,7315
2011,강북구,40대,5746
2011,강북구,50대,4020
2011,강북구,60대 이상,19628
2011,도봉구,10대,12337
2011,도봉구,20대,3117
2011,도봉구,30대,16175
2011,도봉구,40대,6151
2011,도봉구,50대,506
2011,도봉구,60대 이상,6244
2011,노원구,10대,19768
2011,노원구,20대,8440
2011,노원구,30대,15125
2011,노원구,40대,5253
2011,노원구,50대,8910
2011,노원구,60대 이상,17281
2011,은평구,10대,2452
2011,은평구,20대,18204
2011,은평구,30대,19594
2011,은평구,40대,14313
2011,은평구,50대,5682
2011,은평구,60대 이상,17194
2011,서대문구,10대,14893
2011,서대문구,20대,9186
2011,서대문구,30대,16892
2011,서대문구,40대,13019
2011,서대문구,50대,11909
2011,서대문구,60대 이상,9521
2011,마포구,10대,13664
2011,마포구,20대,8308
2011,마포구,30대,5145
2011,마포구,40대,2529
2011,마포구,50대,6788
2011,마포구,60대 이상,2325
2011,양천구,10대,6101
2011,양천구,20대,12975
2011,양천구,30대,10688
2011,양천구,40대,12011
2011,양천구,50대,18970
2011,양천구,60대 이상,8373
2011,강서구,10대,7303
2011,강서구,20대,9510
2011,강서구,30대,9252
2011,강서구,40대,6004
2011,강서구,50대,16648
2011,강서구,60대 이상,15612
2011,구로구,10대,13020
2011,구로구,20대,4524
2011,구로구,30대,3098
2011,구로구,40대,6817
2011,구로구,50대,12723
2011,구로구,60대 이상,16546
2011,금천구,10대,14800
2011,금천구,20대,1738
2011,금천구,30대,4449
2011,금천구,40대,9506
2011,금천구,50대,552
2011,금천구,60대 이상,6870
2011,영등포구,10대,6100
2011,영등포구,20대,16973
2011,영등포구,30대,19003
2011,영등포구,40대,11728
2011,영등포구,50대,5151
2011,영등포구,60대 이상,2903
2011,동작구,10대,1983
2011,동작구,20대,10242
2011,동작구,30대,11277
2011,동작구,40대,18134
2011,동작구,50대,4418
2011,동작구,60대 이상,14120
2011,관악구,10대,19005
2011,관악구,20대,5571
2011,관악구,30대,16137
2011,관악구,40대,14920
2011,관악구,50대,4231
2011,관악구,60대 이상,12106
2011,서초구,10대,19920
2011,서초구,20대,15537
2011,서초구,30대,19186
2011,서초구,40대,7455
2011,서초구,50대,2579
2011,서초구,60대 이상,2674
2011,강남구,10대,2721
2011,강남구,20대,12797
2011,강남구,30대,11699
2011,강남구,40대,12772
2011,강남구,50대,17169
2011,강남구,60대 이상,15202
2011,송파구,10대,5693
2011,송파구,20대,17282
2011,송파구,30대,3923
2011,송파구,40대,2772
2011,송파구,50대,19692
2011,송파구,60대 이상,14033
2011,강동구,10대,6552
2011,강동구,20대,14668
2011,강동구,30대,763
2011,강동구,40대,17787
2011,강동구,50대,19605
2011,강동구,60대 이상,7758
2012,종로구,10대,8656
2012,종로구,20대,11186
2012,종로구,30대,15586
2012,종로구,40대,17024
2012,종로구,50대,3165
2012,종로구,60대 이상,14574
2012,중구,10대,12834
2012,중구,20대,11784
2012,중구,30대,15746
2012,중구,40대,17279
2012,중구,50대,12221
2012,중구,60대 이상,10725
2012,용산구,10대,1857
2012,용산구,20대,2622
2012,용산구,30대,12787
2012,용산구,40대,14126
2012,용산구,50대,8780
2012,용산구,60대 이상,4051
2012,성동구,10대,12056
2012,성동구,20대,1466
2012,성동구,30대,13719
2012,성동구,40대,2784
2012,성동구,50대,1027
2012,성동구,60대 이상,747
2012,광진구,10대,16626
2012,광진구,20대,13437
2012,광진구,30대,8415
2012,광진구,40대,19667
2012,광진구,50대,4282
2012,광진구,60대 이상,11619
2012,동대문구,10대,15744
2012,동대문구,20대,2924
2012,동대문구,30대,5427
2012,동대문구,40대,16296
2012,동대문구,50대,10691
2012,동대문구,60대 이상,11822
2012,중랑구,10대,8322
2012,중랑구,20대,18203
2012,중랑구,30대,11593
2012,중랑구,40대,8197
2012,중랑구,50대,13158
2012,중랑구,60대 이상,3934
2012,성북구,10대,556
2012,성북구,20대,8885
2012,성북구,30대,19151
2012,성북구,40대,504
2012,성북구,50대,13096
2012,성북구,60대 이상,11897
2012,강북구,10대,1549
2012,강북구,20대,15400
2012,강북구,30대,16932
2012,강북구,40대,17205
2012,강북구,50대,13802
2012,강북구,60대 이상,5776
2012,도봉구,10대,19200
2012,도봉구,20대,16567
2012,도봉구,30대,4102
2012,도봉구,40대,1750
2012,도봉구,50대,8480
2012,도봉구,60대 이상,5711
2012,노원구,10대,11038
2012,노원구,20대,19443
2012,노원구,30대,12217
2012,노원구,40대,6587
2012,노원구,50대,14557
2012,노원구,60대 이상,7097
2012,은평구,10대,812
2012,은평구,20대,2841
2012,은평구,30대,9322
2012,은평구,40대,18628
2012,은평구,50대,9444
2012,은평구,60대 이상,16517
2012,서대문구,10대,10213
2012,서대문구,20대,5742
2012,서대문구,30대,1419
2012,서대문구,40대,3590
2012,서대문구,50대,10284
2012,서대문구,60대 이상,4575
2012,마포구,10대,4721
2012,마포구,20대,19492
2012,마포구,30대,15633
2012,마포구,40대,14557
2012,마포구,50대,5800
2012,마포구,60대 이상,7916
2012,양천구,10대,10942
2012,양천구,20대,3527
2012,양천구,30대,19689
2012,양천구,40대,7484
2012,양천구,50대,13835
2012,양천구,60대 이상,12077
2012,강서구,10대,15181
2012,강서구,20대,17076
2012,강서구,30대,6056
2012,강서구,40대,1758
2012,강서구,50대,9238
2012,강서구,60대 이상,11344
2012,구로구,10대,3551
2012,구로구,20대,514
2012,구로구,30대,2945
2012,구로구,40대,19644
2012,구로구,50대,9849
2012,구로구,60대 이상,3437
2012,금천구,10대,8193
2012,금천구,20대,16028
2012,금천구,30대,18088
2012,금천구,40대,6456
2012,금천구,50대,12750
2012,금천구,60대 이상,7475
2012,영등포구,10대,669
2012,영등포구,20대,17330
2012,영등포구,30대,6555
2012,영등포구,40대,17568
2012,영등포구,50대,13654
2012,영등포구,60대 이상,4891
2012,동작구,10대,18299
2012,동작구,20대,1077
2012,동작구,30대,3046
2012,동작구,40대,15622
2012,동작구,50대,5570
2012,동작구,60대 이상,17927
2012,관악구,10대,19778
2012,관악구,20대,13200
2012,관악구,30대,11412
2012,관악구,40대,9160
2012,관악구,50대,1129
2012,관악구,60대 이상,15509
2012,서초구,10대,18051
2012,서초구,20대,10264
2012,서초구,30대,1923
2012,서초구,40대,6770
2012,서초구,50대,10545
2012,서초구,60대 이상,11685
2012,강남구,10대,11756
2012,강남구,20대,9366
2012,강남구,30대,1930
2012,강남구,40대,19081
2012,강남구,50대,2990
2012,강남구,60대 이상,5817
2012,송파구,10대,10156
2012,송파구,20대,15820
2012,송파구,30대,8915
2012,송파구,40대,6891
2012,송파구,50대,694
2012,송파구,60대 이상,14075
2012,강동구,10대,9137
2012,강동구,20대,7198
2012,강동구,30대,3418
2012,강동구,40대,17132
2012,강동구,50대,15572
2012,강동구,60대 이상,9343
2013,종로구,10대,1776
2013,종로구,20대,19298
2013,종로구,30대,6466
2013,종로구,40대,10964
2013,종로구,50대,13604
2013,종로구,60대 이상,15341
2013,중구,10대,4079
2013,중구,20대,19171
2013,중구,30대,5732
2013,중구,40대,5936
2013,중구,50대,17187
2013,중구,60대 이상,1681
2013,용산구,10대,16666
2013,용산구,20대,16058
2013,용산구,30대,5064
2013,용산구,40대,12069
2013,용산구,50대,18248
2013,용산구,60대 이상,1827
2013,성동구,10대,13531
2013,성동구,20대,10102
2013,성동구,30대,2839
2013,성동구,40대,18530
2013,성동구,50대,11318
2013,성동구,60대 이상,5795
2013,광진구,10대,14480
2013,광진구,20대,16602
2013,광진구,30대,19740
2013,광진구,40대,8018
2013,광진구,50대,16206
2013,광진구,60대 이상,6105
2013,동대문구,10대,11279
2013,동대문구,20대,9922
2013,동대문구,30대,4695
2013,동대문구,40대,10138
2013,동대문구,50대,4589
2013,동대문구,60대 이상,3408
2013,중랑구,10대,14839
2013,중랑구,20대,15395
2013,중랑구,30대,11013
2013,중랑구,40대,9663
2013,중랑구,50대,2552
2013,중랑구,60대 이상,3642
2013,성북구,10대,13366
2013,성북구,20대,4082
2013,성북구,30대,5892
2013,성북구,40대,12773
2013,성북구,50대,14010
2013,성북구,60대 이상,15167
2013,강북구,10대,14146
2013,강북구,20대,5105
2013,강북구,30대,16148
2013,강북구,40대,10082
2013,강북구,50대,8654
2013,강북구,60대 이상,19562
2013,도봉구,10대,16836
2013,도봉구,20대,5524
2013,도봉구,30대,2505
2013,도봉구,40대,14332
2013,도봉구,50대,16824
2013,도봉구,60대 이상,5256
2013,노원구,10대,17271
2013,노원구,20대,14280
2013,노원구,30대,8674
2013,노원구,40대,4580
2013,노원구,50대,8058
2013,노원구,60대 이상,19364
2013,은평구,10대,10802
2013,은평구,20대,5626
2013,은평구,30대,16951
2013,은평구,40대,5009
2013,은평구,50대,10033
2013,은평구,60대 이상,9914
2013,서대문구,10대,4845
2013,서대문구,20대,13504
2013,서대문구,30대,16571
2013,서대문구,40대,14441
2013,서대문구,50대,11982
2013,서대문구,60대 이상,2967
2013,마포구,10대,8797
2013,마포구,20대,9424
2013,마포구,30대,16153
2013,마포구,40대,18880
2013,마포구,50대,4322
2013,마포구,60대 이상,9328
2013,양천구,10대,7820
2013,양천구,20대,1627
2013,양천구,30대,1835
2013,양천구,40대,3794
2013,양천구,50대,659
2013,양천구,60대 이상,15774
2013,강서구,10대,15377
2013,강서구,20대,16648
2013,강서구,30대,16567
2013,강서구,40대,16359
2013,강서구,50대,14484
2013,강서구,60대 이상,9374
2013,구로구,10대,16349
2013,구로구,20대,2952
2013,구로구,30대,603
2013,구로구,40대,3582
2013,구로구,50대,4368
2013,구로구,60대 이상,15354
2013,금천구,10대,3333
2013,금천구,20대,3758
2013,금천구,30대,603
2013,금천구,40대,13801
2013,금천구,50대,4113
2013,금천구,60대 이상,3566
2013,영등포구,10대,14545
2013,영등포구,20대,8764
2013,영등포구,30대,16663
2013,영등포구,40대,19497
2013,영등포구,50대,11917
2013,영등포구,60대 이상,642
2013,동작구,10대,16523
2013,동작구,20대,4742
2013,동작구,30대,8068
2013,동작구,40대,4128
2013,동작구,50대,15406
2013,동작구,60대 이상,12773
2013,관악구,10대,18937
2013,관악구,20대,5667
2013,관악구,30대,10144
2013,관악구,40대,14119
2013,관악구,50대,10033
2013,관악구,60대 이상,16114
2013,서초구,10대,7236
2013,서초구,20대,4204
2013,서초구,30대,19272
2013,서초구,40대,14285
2013,서초구,50대,17711
2013,서초구,60대 이상,7041
2013,강남구,10대,9060
2013,강남구,20대,8538
2013,강남구,30대,2635
2013,강남구,40대,10044
2013,강남구,50대,762
2013,강남구,60대 이상,10194
2013,송파구,10대,17695
2013,송파구,20대,9677
2013,송파구,30대,5231
2013,송파구,40대,3904
2013,송파구,50대,7974
2013,송파구,60대 이상,9466
2013,강동구,10대,13301
2013,강동구,20대,10562
2013,강동구,30대,2997
2013,강동구,40대,11095
2013,강동구,50대,4229
2013,강동구,60대 이상,10580
2014,종로구,10대,13109
2014,종로구,20대,8195
2014,종로구,30대,6062
2014,종로구,40대,17737
2014,종로구,50대,11935
2014,종로구,60대 이상,13699
2014,중구,10대,7291
2014,중구,20대,10877
2014,중구,30대,11045
2014,중구,40대,3436
2014,중구,50대,17135
2014,중구,60대 이상,2976
2014,용산구,10대,17645
2014,용산구,20대,13880
2014,용산구,30대,17133
2014,용산구,40대,4267
2014,용산구,50대,11758
2014,용산구,60대 이상,10402
2014,성동구,10대,9815
2014,성동구,20대,10973
2014,성동구,30대,3251
2014,성동구,40대,7347
2014,성동구,50대,9025
2014,성동구,60대 이상,4509
2014,광진구,10대,13857
2014,광진구,20대,8207
2014,광진구,30대,13199
2014,광진구,40대,4025
2014,광진구,50대,15180
2014,광진구,60대 이상,12333
2014,동대문구,10대,9376
2014,동대문구,20대,9508
2014,동대문구,30대,3250
2014,동대문구,40대,8914
2014,동대문구,50대,15173
2014,동대문구,60대 이상,4285
2014,중랑구,10대,1117
2014,중랑구,20대,12825
2014,중랑구,30대,4904
2014,중랑구,40대,13659
2014,중랑구,50대,9272
2014,중랑구,60대 이상,7844
2014,성북구,10대,18962
2014,성북구,20대,13503
2014,성북구,30대,16289
2014,성북구,40대,2760
2014,성북구,50대,1578
2014,성북구,60대 이상,15501
2014,강북구,10대,12141
2014,강북구,20대,14014
2014,강북구,30대,16003
2014,강북구,40대,2688
2014,강북구,50대,12643
2014,강북구,60대 이상,3971
2014,도봉구,10대,13898
2014,도봉구,20대,11689
2014,도봉구,30대,16265
2014,도봉구,40대,6668
2014,도봉구,50대,4583
2014,도봉구,60대 이상,3137
2014,노원구,10대,16688
2014,노원구,20대,10393
2014,노원구,30대,15181
2014,노원구,40대,11762
2014,노원구,50대,6935
2014,노원구,60대 이상,6487
2014,은평구,10대,9053
2014,은평구,20대,7130
2014,은평구,30대,18192
2014,은평구,40대,7416
2014,은평구,50대,9893
2014,은평구,60대 이상,9575
2014,서대문구,10대,13666
2014,서대문구,20대,6775
2014,서대문구,30대,12193
2014,서대문구,40대,3186
2014,서대문구,50대,4995
2014,서대문구,60대 이상,13488
2014,마포구,10대,6645
2014,마포구,20대,8870
2014,마포구,30대,4180
2014,마포구,40대,18177
2014,마포구,50대,18203
2014,마포구,60대 이상,17216
2014,양천구,10대,18949
2014,양천구,20대,846
2014,양천구,30대,11670
2014,양천구,40대,19434
2014,양천구,50대,18621
2014,양천구,60대 이상,6951
2014,강서구,10대,8261
2014,강서구,20대,10329
2014,강서구,30대,4984
2014,강서구,40대,19708
2014,강서구,50대,2154
2014,강서구,60대 이상,12371
2014,구로구,10대,1654
2014,구로구,20대,11204
2014,구로구,30대,15505
2014,구로구,40대,18398
2014,구로구,50대,5210
2014,구로구,60대 이상,9270
2014,금천구,10대,13138
2014,금천구,20대,3131
2014,금천구,30대,14310
2014,금천구,40대,3588
2014,금천구,50대,4381
2014,금천구,60대 이상,12484
2014,영등포구,10대,12115
2014,영등포구,20대,5491
2014,영등포구,30대,13295
2014,영등포구,40대,4174
2014,영등포구,50대,8179
2014,영등포구,60대 이상,2096
2014,동작구,10대,585
2014,동작구,20대,14152
2014,동작구,30대,9868
2014,동작구,40대,1482
2014,동작구,50대,10213
2014,동작구,60대 이상,8786
2014,관악구,10대,8442
2014,관악구,20대,17948
2014,관악구,30대,15810
2014,관악구,40대,586
2014,관악구,50대,19009
2014,관악구,60대 이상,15672
2014,서초구,10대,18117
2014,서초구,20대,4904
2014,서초구,30대,860
2014,서초구,40대,1458
2014,서초구,50대,15754
2014,서초구,60대 이상,7157
2014,강남구,10대,8948
2014,강남구,20대,18815
2014,강남구,30대,4240
2014,강남구,40대,5439
2014,강남구,50대,1811
2014,강남구,60대 이상,14201
2014,송파구,10대,2179
2014,송파구,20대,2373
2014,송파구,30대,14431
2014,송파구,40대,19851
2014,송파구,50대,15671
2014,송파구,60대 이상,15816
2014,강동구,10대,2641
2014,강동구,20대,10581
2014,강동구,30대,7451
2014,강동구,40대,12929
2014,강동구,50대,836
2014,강동구,60대 이상,5223
2015,종로구,10대,6583
2015,종로구,20대,15646
2015,종로구,30대,15945
2015,종로구,40대,1955
2015,종로구,50대,16875
2015,종로구,60대 이상,11335
2015,중구,10대,5800
2015,중구,20대,7524
2015,중구,30대,6107
2015,중구,40대,14505
2015,중구,50대,1690
2015,중구,60대 이상,16892
2015,용산구,10대,8003
2015,용산구,20대,6379
2015,용산구,30대,12767
2015,용산구,40대,3359
2015,용산구,50대,11001
2015,용산구,60대 이상,597
2015,성동구,10대,11055
2015,성동구,20대,8108
2015,성동구,30대,17768
2015,성동구,40대,2297
2015,성동구,50대,4602
2015,성동구,60대 이상,1081
2015,광진구,10대,10153
2015,광진구,20대,1856
2015,광진구,30대,7388
2015,광진구,40대,17011
2015,광진구,50대,5173
2015,광진구,60대 이상,15917
2015,동대문구,10대,10917
2015,동대문구,20대,6671
2015,동대문구,30대,16700
2015,동대문구,40대,16815
2015,동대문구,50대,14109
2015,동대문구,60대 이상,4803
2015,중랑구,10대,16861
2015,중랑구,20대,19840
2015,중랑구,30대,14556
2015,중랑구,40대,9686
2015,중랑구,50대,11099
2015,중랑구,60대 이상,2417
2015,성북구,10대,13702
2015,성북구,20대,4929
2015,성북구,30대,14895
2015,성북구,40대,17062
2015,성북구,50대,18966
2015,성북구,60대 이상,16623
2015,강북구,10대,2424
2015,강북구,20대,11977
2015,강북구,30대,3863
2015,강북구,40대,16487
2015,강북구,50대,10863
2015,강북구,60대 이상,3566
2015,도봉구,10대,10030
2015,도봉구,20대,5642
2015,도봉구,30대,2385
2015,도봉구,40대,16263
2015,도봉구,50대,17980
2015,도봉구,60대 이상,19779
2015,노원구,10대,4622
2015,노원구,20대,5245
2015,노원구,30대,18357
2015,노원구,40대,1548
2015,노원구,50대,10201
2015,노원구,60대 이상,15320
2015,은평구,10대,8812
2015,은평구,20대,17321
2015,은평구,30대,14397
2015,은평구,40대,6508
2015,은평구,50대,4075
2015,은평구,60대 이상,13223
2015,서대문구,10대,15109
2015,서대문구,20대,3380
2015,서대문구,30대,2479
2015,서대문구,40대,17512
2015,서대문구,50대,16130
2015,서대문구,60대 이상,7221
2015,마포구,10대,16281
2015,마포구,20대,12918
2015,마포구,30대,2199
2015,마포구,40대,16753
2015,마포구,50대,8520
2015,마포구,60대 이상,14019
2015,양천구,10대,8089
2015,양천구,20대,17304
2015,양천구,30대,17295
2015,양천구,40대,4410
2015,양천구,50대,11969
2015,양천구,60대 이상,651
2015,강서구,10대,14968
2015,강서구,20대,18465
2015,강서구,30대,12083
2015,강서구,40대,13974
2015,강서구,50대,11862
2015,강서구,60대 이상,13952
2015,구로구,10대,15748
2015,구로구,20대,6709
2015,구로구,30대,6164
2015,구로구,40대,9322
2015,구로구,50대,10120
2015,구로구,60대 이상,4184
2015,금천구,10대,5207
2015,금천구,20대,10361
2015,금천구,30대,8999
2015,금천구,40대,3075
2015,금천구,50대,19645
2015,금천구,60대 이상,13275
2015,영등포구,10대,3353
2015,영등포구,20대,10753
2015,영등포구,30대,1474
2015,영등포구,40대,3276
2015,영등포구,50대,6555
2015,영등포구,60대 이상,16848
2015,동작구,10대,4680
2015,동작구,20대,6807
2015,동작구,30대,11044
2015,동작구,40대,2826
2015,동작구,50대,7139
2015,동작구,60대 이상,12315
2015,관악구,10대,6880
2015,관악구,20대,12289
2015,관악구,30대,4559
2015,관악구,40대,13754
2015,관악구,50대,16403
2015,관악구,60대 이상,5654
2015,서초구,10대,10187
2015,서초구,20대,2768
2015,서초구,30대,4196
2015,서초구,40대,16747
2015,서초구,50대,2265
2015,서초구,60대 이상,7371
2015,강남구,10대,4735
2015,강남구,20대,10391
2015,강남구,30대,5689
2015,강남구,40대,987
2015,강남구,50대,11238
2015,강남구,60대 이상,14316
2015,송파구,10대,4376
2015,송파구,20대,17635
2015,송파구,30대,11578
2015,송파구,40대,12923
2015,송파구,50대,12875
2015,송파구,60대 이상,8730
2015,강동구,10대,17672
2015,강동구,20대,18737
2015,강동구,30대,5210
2015,강동구,40대,2592
2015,강동구,50대,18595
2015,강동구,60대 이상,14073
2016,종로구,10대,615
2016,종로구,20대,2003
2016,종로구,30대,3755
2016,종로구,40대,1108
2016,종로구,50대,1895
2016,종로구,60대 이상,6456
2016,중구,10대,5668
2016,중구,20대,15014
2016,중구,30대,10029
2016,중구,40대,4479
2016,중구,50대,14569
2016,중구,60대 이상,8559
2016,용산구,10대,6861
2016,용산구,20대,3466
2016,용산구,30대,10411
2016,용산구,40대,3738
2016,용산구,50대,1682
2016,용산구,60대 이상,11513
2016,성동구,10대,11202
2016,성동구,20대,9786
2016,성동구,30대,7432
2016,성동구,40대,15477
2016,성동구,50대,3885
2016,성동구,60대 이상,3283
2016,광진구,10대,3380
2016,광진구,20대,19949
2016,광진구,30대,18244
2016,광진구,40대,17943
2016,광진구,50대,18088
2016,광진구,60대 이상,17437
2016,동대문구,10대,18252
2016,동대문구,20대,5996
2016,동대문구,30대,13889
2016,동대문구,40대,7329
2016,동대문구,50대,15537
2016,동대문구,60대 이상,13141
2016,중랑구,10대,10018
2016,중랑구,20대,16733
2016,중랑구,30대,10133
2016,중랑구,40대,8028
2016,중랑구,50대,558
2016,중랑구,60대 이상,16657
2016,성북구,10대,9199
2016,성북구,20대,2236
2016,성북구,30대,1666
2016,성북구,40대,4289
2016,성북구,50대,11451
2016,성북구,60대 이상,13263
2016,강북구,10대,1335
2016,강북구,20대,12857
2016,강북구,30대,13571
2016,강북구,40대,16182
2016,강북구,50대,19662
2016,강북구,60대 이상,11863
2016,도봉구,10대,12576
2016,도봉구,20대,13970
2016,도봉구,30대,16084
2016,도봉구,40대,5090
2016,도봉구,50대,3793
2016,도봉구,60대 이상,4754
2016,노원구,10대,5133
2016,노원구,20대,3998
2016,노원구,30대,12107
2016,노원구,40대,6395
2016,노원구,50대,15309
2016,노원구,60대 이상,7617
2016,은평구,10대,8627
2016,은평구,20대,17857
2016,은평구,30대,18540
2016,은평구,40대,17816
2016,은평구,50대,16738
2016,은평구,60대 이상,4935
2016,서대문구,10대,12172
2016,서대문구,20대,7746
2016,서대문구,30대,9169
2016,서대문구,40대,10308
2016,서대문구,50대,13560
2016,서대문구,60대 이상,10790
2016,마포구,10대,5720
2016,마포구,20대,6337
2016,마포구,30대,19784
2016,마포구,40대,11427
2016,마포구,50대,17441
2016,마포구,60대 이상,2559
2016,양천구,10대,1196
2016,양천구,20대,11833
2016,양천구,30대,12947
2016,양천구,40대,17380
2016,양천구,50대,4719
2016,양천구,60대 이상,19624
2016,강서구,10대,11994
2016,강서구,20대,6265
2016,강서구,30대,14690
2016,강서구,40대,19624
2016,강서구,50대,6789
2016,강서구,60대 이상,14778
2016,구로구,10대,5294
2016,구로구,20대,12024
2016,구로구,30대,17439
2016,구로구,40대,7250
2016,구로구,50대,11961
2016,구로구,60대 이상,11438
2016,금천구,10대,14489
2016,금천구,20대,15366
2016,금천구,30대,8258
2016,금천구,40대,11967
2016,금천구,50대,15661
2016,금천구,60대 이상,12923
2016,영등포구,10대,19541
2016,영등포구,20대,3693
2016,영등포구,30대,11512
2016,영등포구,40대,15015
2016,영등포구,50대,12231
2016,영등포구,60대 이상,18695
2016,동작구,10대,9266
2016,동작구,20대,5467
2016,동작구,30대,14901
2016,동작구,40대,13691
2016,동작구,50대,12461
2016,동작구,60대 이상,12489
2016,관악구,10대,18273
2016,관악구,20대,5390
2016,관악구,30대,5838
2016,관악구,40대,6361
2016,관악구,50대,7009
2016,관악구,60대 이상,8760
2016,서초구,10대,8658
2016,서초구,20대,7790
2016,서초구,30대,5140
2016,서초구,40대,9042
2016,서초구,50대,13444
2016,서초구,60대 이상,7192
2016,강남구,10대,14987
2016,강남구,20대,16230
2016,강남구,30대,11955
2016,강남구,40대,12930
2016,강남구,50대,19156
2016,강남구,60대 이상,11294
2016,송파구,10대,11040
2016,송파구,20대,18960
2016,송파구,30대,3289
2016,송파구,40대,18495
2016,송파구,50대,3871
2016,송파구,60대 이상,10412
2016,강동구,10대,9689
2016,강동구,20대,11501
2016,강동구,30대,12662
2016,강동구,40대,15067
2016,강동구,50대,5500
2016,강동구,60대 이상,8518
2017,종로구,10대,11460
2017,종로구,20대,9397
2017,종로구,30대,12512
2017,종로구,40대,9137
2017,종로구,50대,12087
2017,종로구,60대 이상,19850
2017,중구,10대,1716
2017,중구,20대,17698
2017,중구,30대,11957
2017,중구,40대,19576
2017,중구,50대,8010
2017,중구,60대 이상,14758
2017,용산구,10대,14814
2017,용산구,20대,6212
2017,용산구,30대,18601
2017,용산구,40대,18947
2017,용산구,50대,5091
2017,용산구,60대 이상,11320
2017,성동구,10대,5648
2017,성동구,20대,8907
2017,성동구,30대,3378
2017,성동구,40대,5306
2017,성동구,50대,3448
2017,성동구,60대 이상,9980
2017,광진구,10대,16264
2017,광진구,20대,2709
2017,광진구,30대,12250
2017,광진구,40대,9145
2017,광진구,50대,12948
2017,광진구,60대 이상,18450
2017,동대문구,10대,17547
2017,동대문구,20대,4374
2017,동대문구,30대,2412
2017,동대문구,40대,17547
2017,동대문구,50대,7977
2017,동대문구,60대 이상,11492
2017,중랑구,10대,987
2017,중랑구,20대,14179
2017,중랑구,30대,11049
2017,중랑구,40대,9315
2017,중랑구,50대,15035
2017,중랑구,60대 이상,7737
2017,성북구,10대,15426
2017,성북구,20대,18264
2017,성북구,30대,14267
2017,성북구,40대,7286
2017,성북구,50대,2095
2017,성북구,60대 이상,17504
2017,강북구,10대,9608
2017,강북구,20대,14266
2017,강북구,30대,8571
2017,강북구,40대,10501
2017,강북구,50대,18059
2017,강북구,60대 이상,793
2017,도봉구,10대,4679
2017,도봉구,20대,17998
2017,도봉구,30대,14574
2017,도봉구,40대,7078
2017,도봉구,50대,14947
2017,도봉구,60대 이상,8133
2017,노원구,10대,12911
2017,노원구,20대,6370
2017,노원구,30대,12025
2017,노원구,40대,14553
2017,노원구,50대,11053
2017,노원구,60대 이상,13665
2017,은평구,10대,1526
2017,은평구,20대,3153
2017,은평구,30대,11075
2017,은평구,40대,16127
2017,은평구,50대,3498
2017,은평구,60대 이상,4645
2017,서대문구,10대,19493
2017,서대문구,20대,11768
2017,서대문구,30대,3332
2017,서대문구,40대,2769
2017,서대문구,50대,19914
2017,서대문구,60대 이상,14521
2017,마포구,10대,8817
2017,마포구,20대,16971
2017,마포구,30대,10676
2017,마포구,40대,4999
2017,마포구,50대,17548
2017,마포구,60대 이상,1037
2017,양천구,10대,13553
2017,양천구,20대,10592
2017,양천구,30대,12996
2017,양천구,40대,10687
2017,양천구,50대,18396
2017,양천구,60대 이상,3593
2017,강서구,10대,18613
2017,강서구,20대,6000
2017,강서구,30대,7301
2017,강서구,40대,14548
2017,강서구,50대,17022
2017,강서구,60대 이상,3718
2017,구로구,10대,19218
2017,구로구,20대,8714
2017,구로구,30대,5596
2017,구로구,40대,7556
2017,구로구,50대,16174
2017,구로구,60대 이상,14285
2017,금천구,10대,4942
2017,금천구,20대,10569
2017,금천구,30대,6728
2017,금천구,40대,16552
2017,금천구,50대,5687
2017,금천구,60대 이상,1420
2017,영등포구,10대,15006
2017,영등포구,20대,3085
2017,영등포구,30대,9911
2017,영등포구,40대,3051
2017,영등포구,50대,11171
2017,영등포구,60대 이상,11291
2017,동작구,10대,18094
2017,동작구,20대,6119
2017,동작구,30대,8875
2017,동작구,40대,18438
2017,동작구,50대,859
2017,동작구,60대 이상,9604
2017,관악구,10대,12093
2017,관악구,20대,2574
2017,관악구,30대,10427
2017,관악구,40대,11002
2017,관악구,50대,12531
2017,관악구,60대 이상,7247
2017,서초구,10대,2285
2017,서초구,20대,2672
2017,서초구,30대,15579
2017,서초구,40대,11727
2017,서초구,50대,11135
2017,서초구,60대 이상,2552
2017,강남구,10대,9442
2017,강남구,20대,17346
2017,강남구,30대,3252
2017,강남구,40대,11065
2017,강남구,50대,2811
2017,강남구,60대 이상,9494
2017,송파구,10대,14065
2017,송파구,20대,13406
2017,송파구,30대,11178
2017,송파구,40대,11357
2017,송파구,50대,9990
2017,송파구,60대 이상,9975
2017,강동구,10대,9765
2017,강동구,20대,11118
2017,강동구,30대,18383
2017,강동구,40대,7985
2017,강동구,50대,6424
2017,강동구,60대 이상,3049
2018,종로구,10대,4850
2018,종로구,20대,8273
2018,종로구,30대,19173
2018,종로구,40대,8437
2018,종로구,50대,649
2018,종로구,60대 이상,17485
2018,중구,10대,4497
2018,중구,20대,6679
2018,중구,30대,3895
2018,중구,40대,11475
2018,중구,50대,15321
2018,중구,60대 이상,8028
2018,용산구,10대,16744
2018,용산구,20대,11682
2018,용산구,30대,16583
2018,용산구,40대,19182
2018,용산구,50대,7648
2018,용산구,60대 이상,16036
2018,성동구,10대,3085
2018,성동구,20대,16713
2018,성동구,30대,11578
2018,성동구,40대,9940
2018,성동구,50대,6450
2018,성동구,60대 이상,10798
2018,광진구,10대,1121
2018,광진구,20대,2633
2018,광진구,30대,16886
2018,광진구,40대,16655
2018,광진구,50대,15432
2018,광진구,60대 이상,1291
2018,동대문구,10대,2199
2018,동대문구,20대,15368
2018,동대문구,30대,18919
2018,동대문구,40대,3178
2018,동대문구,50대,18732
2018,동대문구,60대 이상,1856
2018,중랑구,10대,17109
2018,중랑구,20대,15989
2018,중랑구,30대,3094
2018,중랑구,40대,2302
2018,중랑구,50대,11834
2018,중랑구,60대 이상,7958
2018,성북구,10대,5312
2018,성북구,20대,4574
2018,성북구,30대,12783
2018,성북구,40대,9809
2018,성북구,50대,14700
2018,성북구,60대 이상,5283
2018,강북구,10대,14524
2018,강북구,20대,16001
2018,강북구,30대,10523
2018,강북구,40대,5084
2018,강북구,50대,6973
2018,강북구,60대 이상,7326
2018,도봉구,10대,1988
2018,도봉구,20대,17598
2018,도봉구,30대,8263
2018,도봉구,40대,15690
2018,도봉구,50대,11145
2018,도봉구,60대 이상,17662
2018,노원구,10대,16124
2018,노원구,20대,5662
2018,노원구,30대,7162
2018,노원구,40대,1349
2018,노원구,50대,17254
2018,노원구,60대 이상,3434
2018,은평구,10대,5287
2018,은평구,20대,16433
2018,은평구,30대,11916
2018,은평구,40대,8411
2018,은평구,50대,4935
2018,은평구,60대 이상,9253
2018,서대문구,10대,12000
2018,서대문구,20대,16916
2018,서대문구,30대,15493
2018,서대문구,40대,16310
2018,서대문구,50대,5507
2018,서대문구,60대 이상,19243
2018,마포구,10대,12537
2018,마포구,20대,19995
2018,마포구,30대,16660
2018,마포구,40대,19063
2018,마포구,50대,17457
2018,마포구,60대 이상,11575
2018,양천구,10대,8050
2018,양천구,20대,8766
2018,양천구,30대,18649
2018,양천구,40대,17110
2018,양천구,50대,18283
2018,양천구,60대 이상,13890
2018,강서구,10대,16642
2018,강서구,20대,18922
2018,강서구,30대,17528
2018,강서구,40대,8070
2018,강서구,50대,7182
2018,강서구,60대 이상,15631
2018,구로구,10대,14613
2018,구로구,20대,15827
2018,구로구,30대,4050
2018,구로구,40대,12836
2018,구로구,50대,14075
2018,구로구,60대 이상,11686
2018,금천구,10대,15330
2018,금천구,20대,5855
2018,금천구,30대,6972
2018,금천구,40대,9705
2018,금천구,50대,8736
2018,금천구,60대 이상,17733
2018,영등포구,10대,19702
2018,영등포구,20대,17924
2018,영등포구,30대,13300
2018,영등포구,40대,8125
2018,영등포구,50대,18409
2018,영등포구,60대 이상,9574
2018,동작구,10대,11503
2018,동작구,20대,11486
2018,동작구,30대,2231
2018,동작구,40대,11112
2018,동작구,50대,10476
2018,동작구,60대 이상,3869
2018,관악구,10대,8664
2018,관악구,20대,16849
2018,관악구,30대,1914
2018,관악구,40대,6520
2018,관악구,50대,18258
2018,관악구,60대 이상,19329
2018,서초구,10대,15663
2018,서초구,20대,15687
2018,서초구,30대,15612
2018,서초구,40대,15027
2018,서초구,50대,5691
2018,서초구,60대 이상,7114
2018,강남구,10대,11456
2018,강남구,20대,5413
2018,강남구,30대,5606
2018,강남구,40대,1693
2018,강남구,50대,13733
2018,강남구,60대 이상,5553
2018,송파구,10대,4527
2018,송파구,20대,1341
2018,송파구,30대,18913
2018,송파구,40대,1177
2018,송파구,50대,7188
2018,송파구,60대 이상,16037
2018,강동구,10대,4992
2018,강동구,20대,14306
2018,강동구,30대,4193
2018,강동구,40대,2311
2018,강동구,50대,9437
2018,강동구,60대 이상,9016
2019,종로구,10대,10679
2019,종로구,20대,8131
2019,종로구,30대,3484
2019,종로구,40대,9206
2019,종로구,50대,9391
2019,종로구,60대 이상,13865
2019,중구,10대,6287
2019,중구,20대,11344
2019,중구,30대,16431
2019,중구,40대,14618
2019,중구,50대,9716
2019,중구,60대 이상,18990
2019,용산구,10대,5709
2019,용산구,20대,9076
2019,용산구,30대,10214
2019,용산구,40대,9837
2019,용산구,50대,4410
2019,용산구,60대 이상,19677
2019,성동구,10대,3630
2019,성동구,20대,18918
2019,성동구,30대,7394
2019,성동구,40대,18708
2019,성동구,50대,7064
2019,성동구,60대 이상,12448
2019,광진구,10대,16777
2019,광진구,20대,11150
2019,광진구,30대,19467
2019,광진구,40대,4896
2019,광진구,50대,6253
2019,광진구,60대 이상,14635
2019,동대문구,10대,2410
2019,동대문구,20대,7632
2019,동대문구,30대,17563
2019,동대문구,40대,3066
2019,동대문구,50대,6988
2019,동대문구,60대 이상,11254
2019,중랑구,10대,3913
2019,중랑구,20대,5948
2019,중랑구,30대,3295
2019,중랑구,40대,8882
2019,중랑구,50대,12914
2019,중랑구,60대 이상,2898
2019,성북구,10대,13053
2019,성북구,20대,1741
2019,성북구,30대,598
2019,성북구,40대,13381
2019,성북구,50대,4198
2019,성북구,60대 이상,16193
2019,강북구,10대,4179
2019,강북구,20대,4973
2019,강북구,30대,16507
2019,강북구,40대,6722
2019,강북구,50대,14579
2019,강북구,60대 이상,17164
2019,도봉구,10대,14302
2019,도봉구,20대,12588
2019,도봉구,30대,4839
2019,도봉구,40대,887
2019,도봉구,50대,18103
2019,도봉구,60대 이상,8426
2019,노원구,10대,17341
2019,노원구,20대,14917
2019,노원구,30대,18076
2019,노원구,40대,1930
2019,노원구,50대,13426
2019,노원구,60대 이상,14390
2019,은평구,10대,8978
2019,은평구,20대,11899
2019,은평구,30대,2738
2019,은평구,40대,5457
2019,은평구,50대,19711
2019,은평구,60대 이상,2652
2019,서대문구,10대,17109
2019,서대문구,20대,19841
2019,서대문구,30대,11631
2019,서대문구,40대,14595
2019,서대문구,50대,11640
2019,서대문구,60대 이상,19807
2019,마포구,10대,12055
2019,마포구,20대,1614
2019,마포구,30대,18043
2019,마포구,40대,13421
2019,마포구,50대,12813
2019,마포구,60대 이상,7395
2019,양천구,10대,8316
2019,양천구,20대,16405
2019,양천구,30대,2308
2019,양천구,40대,5600
2019,양천구,50대,16931
2019,양천구,60대 이상,19097
2019,강서구,10대,10258
2019,강서구,20대,7306
2019,강서구,30대,7138
2019,강서구,40대,8012
2019,강서구,50대,16819
2019,강서구,60대 이상,19779
2019,구로구,10대,3477
2019,구로구,20대,9636
2019,구로구,30대,10405
2019,구로구,40대,2899
2019,구로구,50대,19393
2019,구로구,60대 이상,11797
2019,금천구,10대,9654
2019,금천구,20대,2247
2019,금천구,30대,14212
2019,금천구,40대,10310
2019,금천구,50대,15174
2019,금천구,60대 이상,19440
2019,영등포구,10대,14848
2019,영등포구,20대,9200
2019,영등포구,30대,5754
2019,영등포구,40대,4133
2019,영등포구,50대,18164
2019,영등포구,60대 이상,15656
2019,동작구,10대,13697
2019,동작구,20대,14407
2019,동작구,30대,17369
2019,동작구,40대,18314
2019,동작구,50대,16204
2019,동작구,60대 이상,14064
2019,관악구,10대,10532
2019,관악구,20대,7224
2019,관악구,30대,2877
2019,관악구,40대,18752
2019,관악구,50대,16434
2019,관악구,60대 이상,13662
2019,서초구,10대,2006
2019,서초구,20대,5572
2019,서초구,30대,15437
2019,서초구,40대,5118
2019,서초구,50대,3173
2019,서초구,60대 이상,12826
2019,강남구,10대,2966
2019,강남구,20대,10368
2019,강남구,30대,14920
2019,강남구,40대,4353
2019,강남구,50대,704
2019,강남구,60대 이상,13715
2019,송파구,10대,5363
2019,송파구,20대,5741
2019,송파구,30대,4038
2019,송파구,40대,5288
2019,송파구,50대,17840
2019,송파구,60대 이상,4115
2019,강동구,10대,3558
2019,강동구,20대,13039
2019,강동구,30대,18850
2019,강동구,40대,2989
2019,강동구,50대,13977
2019,강동구,60대 이상,3239
2020,종로구,10대,15617
2020,종로구,20대,11389
2020,종로구,30대,1467
2020,종로구,40대,13253
2020,종로구,50대,17852
2020,종로구,60대 이상,4402
2020,중구,10대,19672
2020,중구,20대,7700
2020,중구,30대,18550
2020,중구,40대,6622
2020,중구,50대,13607
2020,중구,60대 이상,17435
2020,용산구,10대,10080
2020,용산구,20대,6165
2020,용산구,30대,9950
2020,용산구,40대,14964
2020,용산구,50대,11113
2020,용산구,60대 이상,18398
2020,성동구,10대,18852
2020,성동구,20대,1305
2020,성동구,30대,9976
2020,성동구,40대,4804
2020,성동구,50대,16481
2020,성동구,60대 이상,17737
2020,광진구,10대,10568
2020,광진구,20대,9895
2020,광진구,30대,6068
2020,광진구,40대,5385
2020,광진구,50대,11886
2020,광진구,60대 이상,17632
2020,동대문구,10대,18975
2020,동대문구,20대,19801
2020,동대문구,30대,17071
2020,동대문구,40대,2736
2020,동대문구,50대,17754
2020,동대문구,60대 이상,7384
2020,중랑구,10대,6736
2020,중랑구,20대,10895
2020,중랑구,30대,13818
2020,중랑구,40대,14365
2020,중랑구,50대,1274
2020,중랑구,60대 이상,12748
2020,성북구,10대,12895
2020,성북구,20대,3334
2020,성북구,30대,11112
2020,성북구,40대,1076
2020,성북구,50대,13095
2020,성북구,60대 이상,16271
2020,강북구,10대,11502
2020,강북구,20대,5255
2020,강북구,30대,6944
2020,강북구,40대,17290
2020,강북구,50대,14090
2020,강북구,60대 이상,5973
2020,도봉구,10대,6498
2020,도봉구,20대,3656
2020,도봉구,30대,9287
2020,도봉구,40대,5082
2020,도봉구,50대,17001
2020,도봉구,60대 이상,11393
2020,노원구,10대,19095
2020,노원구,20대,15288
2020,노원구,30대,8247
2020,노원구,40대,9424
2020,노원구,50대,4074
2020,노원구,60대 이상,2644
2020,은평구,10대,18258
2020,은평구,20대,10190
2020,은평구,30대,7768
2020,은평구,40대,8637
2020,은평구,50대,13757
2020,은평구,60대 이상,16756
2020,서대문구,10대,9935
2020,서대문구,20대,8118
2020,서대문구,30대,18933
2020,서대문구,40대,10279
2020,서대문구,50대,14797
2020,서대문구,60대 이상,11362
2020,마포구,10대,6798
2020,마포구,20대,18288
2020,마포구,30대,18740
2020,마포구,40대,16084
2020,마포구,50대,12401
2020,마포구,60대 이상,17873
2020,양천구,10대,6625
2020,양천구,20대,11988
2020,양천구,30대,4842
2020,양천구,40대,4141
2020,양천구,50대,12952
2020,양천구,60대 이상,6279
2020,강서구,10대,10198
2020,강서구,20대,8350
2020,강서구,30대,6826
2020,강서구,40대,14312
2020,강서구,50대,13417
2020,강서구,60대 이상,8409
2020,구로구,10대,4940
2020,구로구,20대,8031
2020,구로구,30대,9949
2020,구로구,40대,15314
2020,구로구,50대,19815
2020,구로구,60대 이상,6326
2020,금천구,10대,18409
2020,금천구,20대,2795
2020,금천구,30대,9295
2020,금천구,40대,16270
2020,금천구,50대,16714
2020,금천구,60대 이상,865
2020,영등포구,10대,15892
2020,영등포구,20대,3223
2020,영등포구,30대,11958
2020,영등포구,40대,4475
2020,영등포구,50대,4279
2020,영등포구,60대 이상,17182
2020,동작구,10대,8079
2020,동작구,20대,6484
2020,동작구,30대,8900
2020,동작구,40대,7350
2020,동작구,50대,10858
2020,동작구,60대 이상,5399
2020,관악구,10대,17578
2020,관악구,20대,8988
2020,관악구,30대,9675
2020,관악구,40대,3064
2020,관악구,50대,9237
2020,관악구,60대 이상,13910
2020,서초구,10대,4070
2020,서초구,20대,11019
2020,서초구,30대,18771
2020,서초구,40대,3447
2020,서초구,50대,6866
2020,서초구,60대 이상,17096
2020,강남구,10대,3628
2020,강남구,20대,10431
2020,강남구,30대,5568
2020,강남구,40대,18040
2020,강남구,50대,15349
2020,강남구,60대 이상,1821
2020,송파구,10대,1353
2020,송파구,20대,12802
2020,송파구,30대,15212
2020,송파구,40대,19412
2020,송파구,50대,16924
2020,송파구,60대 이상,18329
2020,강동구,10대,8050
2020,강동구,20대,16861
2020,강동구,30대,11205
2020,강동구,40대,14405
2020,강동구,50대,4827
2020,강동구,60대 이상,7180
2021,종로구,10대,17848
2021,종로구,20대,1442
2021,종로구,30대,11309
2021,종로구,40대,4974
2021,종로구,50대,3624
2021,종로구,60대 이상,659
2021,중구,10대,14475
2021,중구,20대,10207
2021,중구,30대,7910
2021,중구,40대,3992
2021,중구,50대,11953
2021,중구,60대 이상,10201
2021,용산구,10대,18153
2021,용산구,20대,13787
2021,용산구,30대,16497
2021,용산구,40대,10947
2021,용산구,50대,6186
2021,용산구,60대 이상,17959
2021,성동구,10대,6112
2021,성동구,20대,3636
2021,성동구,30대,12570
2021,성동구,40대,19227
2021,성동구,50대,7472
2021,성동구,60대 이상,5292
2021,광진구,10대,17687
2021,광진구,20대,2303
2021,광진구,30대,19795
2021,광진구,40대,4909
2021,광진구,50대,12651
2021,광진구,60대 이상,6004
2021,동대문구,10대,12541
2021,동대문구,20대,1803
2021,동대문구,30대,13461
2021,동대문구,40대,7587
2021,동대문구,50대,15154
2021,동대문구,60대 이상,7372
2021,중랑구,10대,3127
2021,중랑구,20대,12130
2021,중랑구,30대,18994
2021,중랑구,40대,11655
2021,중랑구,50대,14483
2021,중랑구,60대 이상,14009
2021,성북구,10대,12401
2021,성북구,20대,19637
2021,성북구,30대,6543
2021,성북구,40대,7868
2021,성북구,50대,8693
2021,성북구,60대 이상,18503
2021,강북구,10대,7258
2021,강북구,20대,8242
2021,강북구,30대,16626
2021,강북구,40대,9017
2021,강북구,50대,3163
2021,강북구,60대 이상,3771
2021,도봉구,10대,17170
2021,도봉구,20대,5527
2021,도봉구,30대,13041
2021,도봉구,40대,17965
2021,도봉구,50대,5547
2021,도봉구,60대 이상,18972
2021,노원구,10대,12563
2021,노원구,20대,12127
2021,노원구,30대,5190
2021,노원구,40대,12550
2021,노원구,50대,9129
2021,노원구,60대 이상,11487
2021,은평구,10대,3771
2021,은평구,20대,9226
2021,은평구,30대,9249
2021,은평구,40대,7810
2021,은평구,50대,15943
2021,은평구,60대 이상,14818
2021,서대문구,10대,14378
2021,서대문구,20대,8624
2021,서대문구,30대,15738
2021,서대문구,40대,15386
2021,서대문구,50대,8075
2021,서대문구,60대 이상,10381
2021,마포구,10대,7480
2021,마포구,20대,2377
2021,마포구,30대,16601
2021,마포구,40대,11178
2021,마포구,50대,19994
2021,마포구,60대 이상,5689
2021,양천구,10대,3073
2021,양천구,20대,10358
2021,양천구,30대,7058
2021,양천구,40대,19390
2021,양천구,50대,3560
2021,양천구,60대 이상,18392
2021,강서구,10대,7237
2021,강서구,20대,11616
2021,강서구,30대,17644
2021,강서구,40대,7630
2021,강서구,50대,5849
2021,강서구,60대 이상,11401
2021,구로구,10대,3235
2021,구로구,20대,10056
2021,구로구,30대,2338
2021,구로구,40대,2388
2021,구로구,50대,17422
2021,구로구,60대 이상,17047
2021,금천구,10대,19205
2021,금천구,20대,16593
2021,금천구,30대,9779
2021,금천구,40대,18575
2021,금천구,50대,14775
2021,금천구,60대 이상,8818
2021,영등포구,10대,10118
2021,영등포구,20대,15712
2021,영등포구,30대,8837
2021,영등포구,40대,5167
2021,영등포구,50대,15969
2021,영등포구,60대 이상,5433
2021,동작구,10대,8327
2021,동작구,20대,11116
2021,동작구,30대,14217
2021,동작구,40대,10892
2021,동작구,50대,19990
2021,동작구,60대 이상,17482
2021,관악구,10대,3750
2021,관악구,20대,973
2021,관악구,30대,19286
2021,관악구,40대,10607
2021,관악구,50대,14872
2021,관악구,60대 이상,16852
2021,서초구,10대,19396
2021,서초구,20대,9323
2021,서초구,30대,6096
2021,서초구,40대,1962
2021,서초구,50대,1850
2021,서초구,60대 이상,8895
2021,강남구,10대,13139
2021,강남구,20대,15650
2021,강남구,30대,4665
2021,강남구,40대,18445
2021,강남구,50대,2062
2021,강남구,60대 이상,8313
2021,송파구,10대,18493
2021,송파구,20대,16267
2021,송파구,30대,3095
2021,송파구,40대,7072
2021,송파구,50대,11113
2021,송파구,60대 이상,16961
2021,강동구,10대,9952
2021,강동구,20대,12205
2021,강동구,30대,4995
2021,강동구,40대,18666
2021,강동구,50대,16425
2021,강동구,60대 이상,19345
2022,종로구,10대,5134
2022,종로구,20대,6748
2022,종로구,30대,18841
2022,종로구,40대,8444
2022,종로구,50대,14398
2022,종로구,60대 이상,9302
2022,중구,10대,4094
2022,중구,20대,14504
2022,중구,30대,9217
2022,중구,40대,13973
2022,중구,50대,1448
2022,중구,60대 이상,5523
2022,용산구,10대,1310
2022,용산구,20대,5768
2022,용산구,30대,7555
2022,용산구,40대,4441
2022,용산구,50대,14831
2022,용산구,60대 이상,17421
2022,성동구,10대,16529
2022,성동구,20대,7426
2022,성동구,30대,2781
2022,성동구,40대,5957
2022,성동구,50대,514
2022,성동구,60대 이상,18332
2022,광진구,10대,10818
2022,광진구,20대,12557
2022,광진구,30대,5806
2022,광진구,40대,16081
2022,광진구,50대,10474
2022,광진구,60대 이상,15386
2022,동대문구,10대,16865
2022,동대문구,20대,3872
2022,동대문구,30대,4014
2022,동대문구,40대,15707
2022,동대문구,50대,8043
2022,동대문구,60대 이상,3034
2022,중랑구,10대,19807
2022,중랑구,20대,11145
2022,중랑구,30대,6301
2022,중랑구,40대,2642
2022,중랑구,50대,12404
2022,중랑구,60대 이상,2825
2022,성북구,10대,2298
2022,성북구,20대,7656
2022,성북구,30대,9495
2022,성북구,40대,6909
2022,성북구,50대,5241
2022,성북구,60대 이상,6544
2022,강북구,10대,10795
2022,강북구,20대,1902
2022,강북구,30대,12994
2022,강북구,40대,5861
2022,강북구,50대,8500
2022,강북구,60대 이상,15015
2022,도봉구,10대,17867
2022,도봉구,20대,16578
2022,도봉구,30대,4831
2022,도봉구,40대,3505
2022,도봉구,50대,14755
2022,도봉구,60대 이상,10122
2022,노원구,10대,10522
2022,노원구,20대,6423
2022,노원구,30대,14953
2022,노원구,40대,5173
2022,노원구,50대,17160
2022,노원구,60대 이상,14272
2022,은평구,10대,19522
2022,은평구,20대,11773
2022,은평구,30대,539
2022,은평구,40대,13233
2022,은평구,50대,16813
2022,은평구,60대 이상,2323
2022,서대문구,10대,16527
2022,서대문구,20대,9239
2022,서대문구,30대,3103
2022,서대문구,40대,7230
2022,서대문구,50대,17934
2022,서대문구,60대 이상,2126
2022,마포구,10대,5965
2022,마포구,20대,1908
2022,마포구,30대,10951
2022,마포구,40대,15984
2022,마포구,50대,5511
2022,마포구,60대 이상,12093
2022,양천구,10대,17738
2022,양천구,20대,13950
2022,양천구,30대,18337
2022,양천구,40대,16174
2022,양천구,50대,15459
2022,양천구,60대 이상,1053
2022,강서구,10대,6762
2022,강서구,20대,14175
2022,강서구,30대,7474
2022,강서구,40대,11654
2022,강서구,50대,8001
2022,강서구,60대 이상,5932
2022,구로구,10대,5029
2022,구로구,20대,9637
2022,구로구,30대,5735
2022,구로구,40대,16105
2022,구로구,50대,6658
2022,구로구,60대 이상,11478
2022,금천구,10대,7095
2022,금천구,20대,9645
2022,금천구,30대,17203
2022,금천구,40대,13464
2022,금천구,50대,19271
2022,금천구,60대 이상,2414
2022,영등포구,10대,19745
2022,영등포구,20대,19843
2022,영등포구,30대,5625
2022,영등포구,40대,19821
2022,영등포구,50대,13311
2022,영등포구,60대 이상,5848
2022,동작구,10대,5689
2022,동작구,20대,1657
2022,동작구,30대,2681
2022,동작구,40대,7604
2022,동작구,50대,9729
2022,동작구,60대 이상,18520
2022,관악구,10대,4491
2022,관악구,20대,8825
2022,관악구,30대,8129
2022,관악구,40대,9444
2022,관악구,50대,8137
2022,관악구,60대 이상,8902
2022,서초구,10대,4285
2022,서초구,20대,16937
2022,서초구,30대,4593
2022,서초구,40대,4037
2022,서초구,50대,1176
2022,서초구,60대 이상,2734
2022,강남구,10대,17049
2022,강남구,20대,17676
2022,강남구,30대,5084
2022,강남구,40대,17561
2022,강남구,50대,2560
2022,강남구,60대 이상,4279
2022,송파구,10대,9660
2022,송파구,20대,16864
2022,송파구,30대,17594
2022,송파구,40대,14134
2022,송파구,50대,7340
2022,송파구,60대 이상,11847
2022,강동구,10대,12092
2022,강동구,20대,4175
2022,강동구,30대,11214
2022,강동구,40대,18658
2022,강동구,50대,820
2022,강동구,60대 이상,16580
2023,종로구,10대,2872
2023,종로구,20대,4636
2023,종로구,30대,17661
2023,종로구,40대,13387
2023,종로구,50대,8848
2023,종로구,60대 이상,5227
2023,중구,10대,16040
2023,중구,20대,503
2023,중구,30대,5490
2023,중구,40대,14737
2023,중구,50대,12006
2023,중구,60대 이상,1912
2023,용산구,10대,8146
2023,용산구,20대,15017
2023,용산구,30대,12145
2023,용산구,40대,11651
2023,용산구,50대,999
2023,용산구,60대 이상,10437
2023,성동구,10대,9695
2023,성동구,20대,9862
2023,성동구,30대,7995
2023,성동구,40대,8650
2023,성동구,50대,9565
2023,성동구,60대 이상,3161
2023,광진구,10대,2089
2023,광진구,20대,6079
2023,광진구,30대,9667
2023,광진구,40대,11190
2023,광진구,50대,6665
2023,광진구,60대 이상,1884
2023,동대문구,10대,14262
2023,동대문구,20대,11358
2023,동대문구,30대,609
2023,동대문구,40대,3137
2023,동대문구,50대,2388
2023,동대문구,60대 이상,12309
2023,중랑구,10대,19300
2023,중랑구,20대,11631
2023,중랑구,30대,19601
2023,중랑구,40대,11988
2023,중랑구,50대,2901
2023,중랑구,60대 이상,19756
2023,성북구,10대,2647
2023,성북구,20대,8322
2023,성북구,30대,8628
2023,성북구,40대,12735
2023,성북구,50대,3882
2023,성북구,60대 이상,15553
2023,강북구,10대,2512
2023,강북구,20대,13212
2023,강북구,30대,1744
2023,강북구,40대,3245
2023,강북구,50대,19015
2023,강북구,60대 이상,12904
2023,도봉구,10대,9215
2023,도봉구,20대,2796
2023,도봉구,30대,527
2023,도봉구,40대,18121
2023,도봉구,50대,10658
2023,도봉구,60대 이상,13942
2023,노원구,10대,4341
2023,노원구,20대,5928
2023,노원구,30대,11675
2023,노원구,40대,13948
2023,노원구,50대,17990
2023,노원구,60대 이상,9096
2023,은평구,10대,15680
2023,은평구,20대,1691
2023,은평구,30대,8016
2023,은평구,40대,16402
2023,은평구,50대,15207
2023,은평구,60대 이상,3290
2023,서대문구,10대,17518
2023,서대문구,20대,7824
2023,서대문구,30대,2922
2023,서대문구,40대,16872
2023,서대문구,50대,10747
2023,서대문구,60대 이상,14573
2023,마포구,10대,1490
2023,마포구,20대,3628
2023,마포구,30대,2344
2023,마포구,40대,18240
2023,마포구,50대,4099
2023,마포구,60대 이상,2006
2023,양천구,10대,8284
2023,양천구,20대,15840
2023,양천구,30대,6617
2023,양천구,40대,928
2023,양천구,50대,725
2023,양천구,60대 이상,18620
2023,강서구,10대,18376
2023,강서구,20대,3766
2023,강서구,30대,17781
2023,강서구,40대,15804
2023,강서구,50대,4137
2023,강서구,60대 이상,11066
2023,구로구,10대,9357
2023,구로구,20대,4344
2023,구로구,30대,5684
2023,구로구,40대,18121
2023,구로구,50대,16252
2023,구로구,60대 이상,19366
2023,금천구,10대,8476
2023,금천구,20대,3641
2023,금천구,30대,6568
2023,금천구,40대,19107
2023,금천구,50대,10991
2023,금천구,60대 이상,10620
2023,영등포구,10대,2300
2023,영등포구,20대,3953
2023,영등포구,30대,1155
2023,영등포구,40대,16886
2023,영등포구,50대,14352
2023,영등포구,60대 이상,1074
2023,동작구,10대,18144
2023,동작구,20대,17191
2023,동작구,30대,15585
2023,동작구,40대,4033
2023,동작구,50대,13307
2023,동작구,60대 이상,15929
2023,관악구,10대,4733
2023,관악구,20대,15989
2023,관악구,30대,15990
2023,관악구,40대,4207
2023,관악구,50대,12901
2023,관악구,60대 이상,18881
2023,서초구,10대,10856
2023,서초구,20대,8608
2023,서초구,30대,5784
2023,서초구,40대,8470
2023,서초구,50대,15357
2023,서초구,60대 이상,13595
2023,강남구,10대,2779
2023,강남구,20대,5582
2023,강남구,30대,12370
2023,강남구,40대,6121
2023,강남구,50대,8798
2023,강남구,60대 이상,14021
2023,송파구,10대,6468
2023,송파구,20대,2459
2023,송파구,30대,12093
2023,송파구,40대,18251
2023,송파구,50대,2667
2023,송파구,60대 이상,8288
2023,강동구,10대,4973
2023,강동구,20대,15432
2023,강동구,30대,13238
2023,강동구,40대,19995
2023,강동구,50대,16410
2023,강동구,60대 이상,14179
