년도,자치구,나이대,인구수,학교수
1994,종로구,10대,14584,4
1994,종로구,20대,2554,23
1994,종로구,30대,10838,16
1994,종로구,40대,12368,44
1994,종로구,50대,13612,12
1994,종로구,60대 이상,9865,34
1994,중구,10대,3631,17
1994,중구,20대,4700,46
1994,중구,30대,13270,42
1994,중구,40대,6719,14
1994,중구,50대,12515,11
1994,중구,60대 이상,15184,41
1994,용산구,10대,14085,11
1994,용산구,20대,4384,22
1994,용산구,30대,8582,37
1994,용산구,40대,15628,46
1994,용산구,50대,17998,37
1994,용산구,60대 이상,8282,45
1994,성동구,10대,11218,16
1994,성동구,20대,3186,42
1994,성동구,30대,11622,23
1994,성동구,40대,11058,15
1994,성동구,50대,1149,29
1994,성동구,60대 이상,5959,17
1994,광진구,10대,19731,17
1994,광진구,20대,5048,4
1994,광진구,30대,12510,22
1994,광진구,40대,4347,30
1994,광진구,50대,12448,10
1994,광진구,60대 이상,724,32
1994,동대문구,10대,3933,12
1994,동대문구,20대,8492,17
1994,동대문구,30대,7399,28
1994,동대문구,40대,18037,43
1994,동대문구,50대,16789,24
1994,동대문구,60대 이상,13889,35
1994,중랑구,10대,15291,42
1994,중랑구,20대,3999,13
1994,중랑구,30대,19374,24
1994,중랑구,40대,13810,14
1994,중랑구,50대,9986,4
1994,중랑구,60대 이상,14367,40
1994,성북구,10대,18753,1
1994,성북구,20대,8166,32
1994,성북구,30대,7343,16
1994,성북구,40대,13880,31
1994,성북구,50대,9739,33
1994,성북구,60대 이상,18899,41
1994,강북구,10대,12525,40
1994,강북구,20대,16404,47
1994,강북구,30대,9456,15
1994,강북구,40대,17793,43
1994,강북구,50대,2673,33
1994,강북구,60대 이상,10311,36
1994,도봉구,10대,2728,5
1994,도봉구,20대,10588,36
1994,도봉구,30대,2644,43
1994,도봉구,40대,18147,16
1994,도봉구,50대,15792,10
1994,도봉구,60대 이상,13147,37
1994,노원구,10대,2171,21
1994,노원구,20대,18949,27
1994,노원구,30대,11956,43
1994,노원구,40대,5041,6
1994,노원구,50대,6824,1
1994,노원구,60대 이상,15075,12
1994,은평구,10대,12024,29
1994,은평구,20대,18998,18
1994,은평구,30대,10587,10
1994,은평구,40대,4092,11
1994,은평구,50대,4970,25
1994,은평구,60대 이상,7397,19
1994,서대문구,10대,10316,17
1994,서대문구,20대,13789,10
1994,서대문구,30대,19317,14
1994,서대문구,40대,6793,37
1994,서대문구,50대,17748,31
1994,서대문구,60대 이상,6292,38
1994,마포구,10대,19703,45
1994,마포구,20대,9572,41
1994,마포구,30대,1094,4
1994,마포구,40대,2964,38
1994,마포구,50대,12019,49
1994,마포구,60대 이상,13534,15
1994,양천구,10대,6701,33
1994,양천구,20대,747,1
1994,양천구,30대,3161,37
1994,양천구,40대,7762,4
1994,양천구,50대,5209,5
1994,양천구,60대 이상,8793,34
1994,강서구,10대,14879,22
1994,강서구,20대,6111,20
1994,강서구,30대,2800,50
1994,강서구,40대,17743,29
1994,강서구,50대,8048,37
1994,강서구,60대 이상,14832,10
1994,구로구,10대,13879,37
1994,구로구,20대,7370,17
1994,구로구,30대,13988,30
1994,구로구,40대,15861,40
1994,구로구,50대,7088,44
1994,구로구,60대 이상,8018,3
1994,금천구,10대,17264,11
1994,금천구,20대,15869,36
1994,금천구,30대,17210,33
1994,금천구,40대,2620,35
1994,금천구,50대,16412,29
1994,금천구,60대 이상,17012,6
1994,영등포구,10대,11247,33
1994,영등포구,20대,6413,24
1994,영등포구,30대,11536,40
1994,영등포구,40대,14342,47
1994,영등포구,50대,12930,7
1994,영등포구,60대 이상,9477,19
1994,동작구,10대,4147,35
1994,동작구,20대,2731,41
1994,동작구,30대,11161,6
1994,동작구,40대,5075,13
1994,동작구,50대,8306,23
1994,동작구,60대 이상,1174,29
1994,관악구,10대,19247,24
1994,관악구,20대,10811,18
1994,관악구,30대,11089,17
1994,관악구,40대,11412,44
1994,관악구,50대,15349,20
1994,관악구,60대 이상,18169,2
1994,서초구,10대,7177,41
1994,서초구,20대,862,35
1994,서초구,30대,16676,45
1994,서초구,40대,17015,10
1994,서초구,50대,12094,21
1994,서초구,60대 이상,7929,32
1994,강남구,10대,2698,1
1994,강남구,20대,9751,20
1994,강남구,30대,19588,10
1994,강남구,40대,2912,38
1994,강남구,50대,12062,19
1994,강남구,60대 이상,14635,37
1994,송파구,10대,1878,50
1994,송파구,20대,5121,43
1994,송파구,30대,6193,6
1994,송파구,40대,17035,32
1994,송파구,50대,8225,32
1994,송파구,60대 이상,13094,14
1994,강동구,10대,1685,25
1994,강동구,20대,16904,14
1994,강동구,30대,3996,32
1994,강동구,40대,9479,20
1994,강동구,50대,14254,8
1994,강동구,60대 이상,11292,7
1995,종로구,10대,5185,42
1995,종로구,20대,5772,18
1995,종로구,30대,5738,15
1995,종로구,40대,12315,43
1995,종로구,50대,7506,19
1995,종로구,60대 이상,8959,11
1995,중구,10대,1557,8
1995,중구,20대,15635,45
1995,중구,30대,7922,18
1995,중구,40대,7814,44
1995,중구,50대,18718,13
1995,중구,60대 이상,14191,31
1995,용산구,10대,8278,43
1995,용산구,20대,1628,38
1995,용산구,30대,7217,27
1995,용산구,40대,14521,25
1995,용산구,50대,14402,36
1995,용산구,60대 이상,979,22
1995,성동구,10대,17649,5
1995,성동구,20대,12792,46
1995,성동구,30대,17946,14
1995,성동구,40대,16569,6
1995,성동구,50대,8689,4
1995,성동구,60대 이상,4341,18
1995,광진구,10대,2164,38
1995,광진구,20대,18106,22
1995,광진구,30대,2009,22
1995,광진구,40대,1193,1
1995,광진구,50대,6746,13
1995,광진구,60대 이상,14950,30
1995,동대문구,10대,6798,38
1995,동대문구,20대,13420,26
1995,동대문구,30대,16026,34
1995,동대문구,40대,8590,14
1995,동대문구,50대,5665,45
1995,동대문구,60대 이상,16960,13
1995,중랑구,10대,8081,2
1995,중랑구,20대,10406,25
1995,중랑구,30대,16637,32
1995,중랑구,40대,2793,29
1995,중랑구,50대,1658,48
1995,중랑구,60대 이상,3139,9
1995,성북구,10대,16052,16
1995,성북구,20대,7958,46
1995,성북구,30대,9699,9
1995,성북구,40대,14091,5
1995,성북구,50대,5729,25
1995,성북구,60대 이상,19143,23
1995,강북구,10대,16337,24
1995,강북구,20대,9253,13
1995,강북구,30대,2302,37
1995,강북구,40대,15170,14
1995,강북구,50대,9653,26
1995,강북구,60대 이상,4188,14
1995,도봉구,10대,10308,27
1995,도봉구,20대,19762,38
1995,도봉구,30대,5748,19
1995,도봉구,40대,16009,39
1995,도봉구,50대,15545,20
1995,도봉구,60대 이상,7540,28
1995,노원구,10대,6473,29
1995,노원구,20대,11031,7
1995,노원구,30대,10205,43
1995,노원구,40대,11427,11
1995,노원구,50대,15818,26
1995,노원구,60대 이상,15220,44
1995,은평구,10대,15770,14
1995,은평구,20대,5008,35
1995,은평구,30대,5059,50
1995,은평구,40대,11928,21
1995,은평구,50대,16762,11
1995,은평구,60대 이상,16933,49
1995,서대문구,10대,12324,32
1995,서대문구,20대,17140,11
1995,서대문구,30대,9467,45
1995,서대문구,40대,4701,28
1995,서대문구,50대,19363,37
1995,서대문구,60대 이상,10217,10
1995,마포구,10대,9466,38
1995,마포구,20대,16886,22
1995,마포구,30대,10614,17
1995,마포구,40대,17802,30
1995,마포구,50대,14286,50
1995,마포구,60대 이상,6535,8
1995,양천구,10대,6375,50
1995,양천구,20대,17575,31
1995,양천구,30대,930,30
1995,양천구,40대,17930,1
1995,양천구,50대,11062,45
1995,양천구,60대 이상,15904,39
1995,강서구,10대,11758,50
1995,강서구,20대,19631,43
1995,강서구,30대,4684,7
1995,강서구,40대,2269,28
1995,강서구,50대,1316,5
1995,강서구,60대 이상,9510,7
1995,구로구,10대,13484,14
1995,구로구,20대,12027,26
1995,구로구,30대,9732,22
1995,구로구,40대,10338,29
1995,구로구,50대,13049,2
1995,구로구,60대 이상,1772,33
1995,금천구,10대,13369,17
1995,금천구,20대,6020,35
1995,금천구,30대,1170,47
1995,금천구,40대,9307,24
1995,금천구,50대,5042,5
1995,금천구,60대 이상,4699,25
1995,영등포구,10대,18403,14
1995,영등포구,20대,6599,4
1995,영등포구,30대,10477,26
1995,영등포구,40대,6671,40
1995,영등포구,50대,5095,10
1995,영등포구,60대 이상,12279,1
1995,동작구,10대,13614,48
1995,동작구,20대,17608,12
1995,동작구,30대,12913,37
1995,동작구,40대,927,43
1995,동작구,50대,2459,47
1995,동작구,60대 이상,951,11
1995,관악구,10대,10282,31
1995,관악구,20대,15408,14
1995,관악구,30대,7423,1
1995,관악구,40대,13370,36
1995,관악구,50대,9272,46
1995,관악구,60대 이상,573,49
1995,서초구,10대,12917,7
1995,서초구,20대,6326,5
1995,서초구,30대,19672,20
1995,서초구,40대,18148,6
1995,서초구,50대,2332,40
1995,서초구,60대 이상,1041,36
1995,강남구,10대,3019,20
1995,강남구,20대,19458,40
1995,강남구,30대,641,27
1995,강남구,40대,18560,39
1995,강남구,50대,15754,6
1995,강남구,60대 이상,17223,39
1995,송파구,10대,1204,24
1995,송파구,20대,8499,9
1995,송파구,30대,8969,15
1995,송파구,40대,4853,32
1995,송파구,50대,16685,36
1995,송파구,60대 이상,2650,49
1995,강동구,10대,1569,20
1995,강동구,20대,15010,49
1995,강동구,30대,18048,24
1995,강동구,40대,11151,15
1995,강동구,50대,9257,47
1995,강동구,60대 이상,3984,39
1996,종로구,10대,2587,19
1996,종로구,20대,11814,40
1996,종로구,30대,10387,22
1996,종로구,40대,18740,3
1996,종로구,50대,4779,44
1996,종로구,60대 이상,7408,18
1996,중구,10대,16617,39
1996,중구,20대,16703,46
1996,중구,30대,3874,8
1996,중구,40대,15136,3
1996,중구,50대,1860,3
1996,중구,60대 이상,14185,32
1996,용산구,10대,977,40
1996,용산구,20대,4339,33
1996,용산구,30대,13161,33
1996,용산구,40대,7930,22
1996,용산구,50대,2700,32
1996,용산구,60대 이상,16812,6
1996,성동구,10대,5786,16
1996,성동구,20대,14447,34
1996,성동구,30대,7852,14
1996,성동구,40대,7651,3
1996,성동구,50대,3425,43
1996,성동구,60대 이상,9856,13
1996,광진구,10대,8873,15
1996,광진구,20대,6230,6
1996,광진구,30대,7382,16
1996,광진구,40대,14899,3
1996,광진구,50대,12548,42
1996,광진구,60대 이상,17943,48
1996,동대문구,10대,5402,50
1996,동대문구,20대,7401,12
1996,동대문구,30대,13587,26
1996,동대문구,40대,8666,39
1996,동대문구,50대,13194,47
1996,동대문구,60대 이상,1895,26
1996,중랑구,10대,11620,49
1996,중랑구,20대,10739,12
1996,중랑구,30대,19198,28
1996,중랑구,40대,11005,36
1996,중랑구,50대,1163,22
1996,중랑구,60대 이상,11946,15
1996,성북구,10대,4678,8
1996,성북구,20대,10544,17
1996,성북구,30대,17572,20
1996,성북구,40대,18267,41
1996,성북구,50대,19791,2
1996,성북구,60대 이상,11569,27
1996,강북구,10대,18834,23
1996,강북구,20대,5252,20
1996,강북구,30대,736,3
1996,강북구,40대,7397,8
1996,강북구,50대,5608,47
1996,강북구,60대 이상,5899,29
1996,도봉구,10대,7329,31
1996,도봉구,20대,14275,5
1996,도봉구,30대,7195,48
1996,도봉구,40대,10186,40
1996,도봉구,50대,18746,32
1996,도봉구,60대 이상,12610,42
1996,노원구,10대,18866,17
1996,노원구,20대,15713,3
1996,노원구,30대,16895,2
1996,노원구,40대,5529,18
1996,노원구,50대,4586,8
1996,노원구,60대 이상,15111,26
1996,은평구,10대,3462,18
1996,은평구,20대,8292,36
1996,은평구,30대,14787,14
1996,은평구,40대,10589,30
1996,은평구,50대,14106,12
1996,은평구,60대 이상,11491,49
1996,서대문구,10대,14673,41
1996,서대문구,20대,11973,24
1996,서대문구,30대,4604,40
1996,서대문구,40대,19893,24
1996,서대문구,50대,6311,34
1996,서대문구,60대 이상,15279,20
1996,마포구,10대,5985,46
1996,마포구,20대,14861,20
1996,마포구,30대,4673,5
1996,마포구,40대,6812,31
1996,마포구,50대,4242,28
1996,마포구,60대 이상,13492,26
1996,양천구,10대,1167,26
1996,양천구,20대,19412,1
1996,양천구,30대,15071,3
1996,양천구,40대,3336,10
1996,양천구,50대,17081,3
1996,양천구,60대 이상,17111,12
1996,강서구,10대,17917,31
1996,강서구,20대,11497,47
1996,강서구,30대,17502,24
1996,강서구,40대,10268,25
1996,강서구,50대,10031,27
1996,강서구,60대 이상,3377,33
1996,구로구,10대,18449,37
1996,구로구,20대,13887,47
1996,구로구,30대,10113,37
1996,구로구,40대,5392,50
1996,구로구,50대,6147,37
1996,구로구,60대 이상,12266,36
1996,금천구,10대,18721,33
1996,금천구,20대,5023,10
1996,금천구,30대,14870,35
1996,금천구,40대,7095,42
1996,금천구,50대,12115,8
1996,금천구,60대 이상,10980,44
1996,영등포구,10대,11436,45
1996,영등포구,20대,14338,37
1996,영등포구,30대,14995,39
1996,영등포구,40대,17014,29
1996,영등포구,50대,2612,5
1996,영등포구,60대 이상,14507,3
1996,동작구,10대,5994,50
1996,동작구,20대,15633,1
1996,동작구,30대,16825,28
1996,동작구,40대,11421,18
1996,동작구,50대,7236,24
1996,동작구,60대 이상,5560,49
1996,관악구,10대,8199,39
1996,관악구,20대,6139,42
1996,관악구,30대,18525,44
1996,관악구,40대,10122,6
1996,관악구,50대,16783,20
1996,관악구,60대 이상,1361,26
1996,서초구,10대,16720,40
1996,서초구,20대,19196,37
1996,서초구,30대,1437,43
1996,서초구,40대,6255,26
1996,서초구,50대,4363,40
1996,서초구,60대 이상,15558,5
1996,강남구,10대,12317,34
1996,강남구,20대,13322,43
1996,강남구,30대,10066,18
1996,강남구,40대,13141,16
1996,강남구,50대,2032,50
1996,강남구,60대 이상,10455,42
1996,송파구,10대,15965,49
1996,송파구,20대,5080,44
1996,송파구,30대,8304,21
1996,송파구,40대,9566,2
1996,송파구,50대,8746,25
1996,송파구,60대 이상,5144,34
1996,강동구,10대,11559,17
1996,강동구,20대,15451,18
1996,강동구,30대,13684,20
1996,강동구,40대,5306,48
1996,강동구,50대,4458,13
1996,강동구,60대 이상,6013,48
1997,종로구,10대,8385,25
1997,종로구,20대,6941,30
1997,종로구,30대,6779,26
1997,종로구,40대,10648,37
1997,종로구,50대,12021,33
1997,종로구,60대 이상,14504,23
1997,중구,10대,6112,44
1997,중구,20대,2609,31
1997,중구,30대,12131,32
1997,중구,40대,15655,1
1997,중구,50대,12980,19
1997,중구,60대 이상,13004,26
1997,용산구,10대,8834,15
1997,용산구,20대,10313,38
1997,용산구,30대,12887,18
1997,용산구,40대,16632,2
1997,용산구,50대,3354,7
1997,용산구,60대 이상,7281,6
1997,성동구,10대,3074,5
1997,성동구,20대,9638,20
1997,성동구,30대,1759,8
1997,성동구,40대,19848,43
1997,성동구,50대,4717,27
1997,성동구,60대 이상,6691,18
1997,광진구,10대,14983,28
1997,광진구,20대,4170,16
1997,광진구,30대,11609,45
1997,광진구,40대,1248,43
1997,광진구,50대,19313,27
1997,광진구,60대 이상,1196,6
1997,동대문구,10대,14220,34
1997,동대문구,20대,5690,16
1997,동대문구,30대,13643,4
1997,동대문구,40대,7053,19
1997,동대문구,50대,4799,3
1997,동대문구,60대 이상,1631,49
1997,중랑구,10대,17884,15
1997,중랑구,20대,3721,19
1997,중랑구,30대,2292,7
1997,중랑구,40대,2460,38
1997,중랑구,50대,16196,37
1997,중랑구,60대 이상,7980,48
1997,성북구,10대,725,3
1997,성북구,20대,14255,26
1997,성북구,30대,6535,45
1997,성북구,40대,2334,11
1997,성북구,50대,14142,3
1997,성북구,60대 이상,9034,30
1997,강북구,10대,12537,1
1997,강북구,20대,9332,44
1997,강북구,30대,12744,13
1997,강북구,40대,13064,1
1997,강북구,50대,4870,2
1997,강북구,60대 이상,16074,6
1997,도봉구,10대,6489,28
1997,도봉구,20대,8589,18
1997,도봉구,30대,18260,50
1997,도봉구,40대,16777,31
1997,도봉구,50대,18087,11
1997,도봉구,60대 이상,10957,7
1997,노원구,10대,5358,31
1997,노원구,20대,3796,18
1997,노원구,30대,19308,50
1997,노원구,40대,1207,6
1997,노원구,50대,11047,15
1997,노원구,60대 이상,4619,42
1997,은평구,10대,2614,28
1997,은평구,20대,2799,43
1997,은평구,30대,14660,35
1997,은평구,40대,11288,24
1997,은평구,50대,9718,2
1997,은평구,60대 이상,4814,26
1997,서대문구,10대,10377,13
1997,서대문구,20대,7392,8
1997,서대문구,30대,14430,49
1997,서대문구,40대,10554,14
1997,서대문구,50대,17929,31
1997,서대문구,60대 이상,1904,29
1997,마포구,10대,3428,40
1997,마포구,20대,11546,16
1997,마포구,30대,762,6
1997,마포구,40대,14919,24
1997,마포구,50대,18138,20
1997,마포구,60대 이상,19075,1
1997,양천구,10대,6464,47
1997,양천구,20대,1446,19
1997,양천구,30대,13165,5
1997,양천구,40대,15972,39
1997,양천구,50대,5220,24
1997,양천구,60대 이상,7946,24
1997,강서구,10대,8555,9
1997,강서구,20대,13852,35
1997,강서구,30대,16826,15
1997,강서구,40대,12904,11
1997,강서구,50대,6959,2
1997,강서구,60대 이상,10977,14
1997,구로구,10대,2471,28
1997,구로구,20대,5811,18
1997,구로구,30대,15304,43
1997,구로구,40대,11170,23
1997,구로구,50대,17844,24
1997,구로구,60대 이상,14075,48
1997,금천구,10대,2657,20
1997,금천구,20대,5472,10
1997,금천구,30대,10376,3
1997,금천구,40대,652,30
1997,금천구,50대,3493,2
1997,금천구,60대 이상,3713,4
1997,영등포구,10대,6323,27
1997,영등포구,20대,8603,6
1997,영등포구,30대,19970,32
1997,영등포구,40대,6379,21
1997,영등포구,50대,17188,36
1997,영등포구,60대 이상,4516,1
1997,동작구,10대,1902,32
1997,동작구,20대,10587,41
1997,동작구,30대,13180,12
1997,동작구,40대,1178,33
1997,동작구,50대,17119,15
1997,동작구,60대 이상,13944,1
1997,관악구,10대,9937,7
1997,관악구,20대,14153,21
1997,관악구,30대,8879,32
1997,관악구,40대,10964,15
1997,관악구,50대,7783,29
1997,관악구,60대 이상,17844,38
1997,서초구,10대,4835,45
1997,서초구,20대,12570,14
1997,서초구,30대,4632,38
1997,서초구,40대,13658,40
1997,서초구,50대,12127,32
1997,서초구,60대 이상,1116,15
1997,강남구,10대,6021,2
1997,강남구,20대,18604,24
1997,강남구,30대,2351,20
1997,강남구,40대,14354,48
1997,강남구,50대,4960,44
1997,강남구,60대 이상,11092,13
1997,송파구,10대,8163,31
1997,송파구,20대,5388,43
1997,송파구,30대,1308,2
1997,송파구,40대,1133,43
1997,송파구,50대,13799,23
1997,송파구,60대 이상,9679,21
1997,강동구,10대,6645,5
1997,강동구,20대,10316,36
1997,강동구,30대,1785,13
1997,강동구,40대,4662,50
1997,강동구,50대,4484,8
1997,강동구,60대 이상,3684,20
1998,종로구,10대,1099,5
1998,종로구,20대,15134,30
1998,종로구,30대,8818,6
1998,종로구,40대,13396,20
1998,종로구,50대,12255,1
1998,종로구,60대 이상,18619,7
1998,중구,10대,533,15
1998,중구,20대,1857,20
1998,중구,30대,2025,1
1998,중구,40대,11159,36
1998,중구,50대,7187,41
1998,중구,60대 이상,8452,27
1998,용산구,10대,17119,7
1998,용산구,20대,2534,16
1998,용산구,30대,2948,23
1998,용산구,40대,10143,12
1998,용산구,50대,4728,28
1998,용산구,60대 이상,3907,23
1998,성동구,10대,13410,6
1998,성동구,20대,19550,22
1998,성동구,30대,5598,18
1998,성동구,40대,15458,37
1998,성동구,50대,10850,21
1998,성동구,60대 이상,15440,47
1998,광진구,10대,5572,16
1998,광진구,20대,13158,15
1998,광진구,30대,12735,47
1998,광진구,40대,12847,2
1998,광진구,50대,2115,36
1998,광진구,60대 이상,7677,1
1998,동대문구,10대,11039,19
1998,동대문구,20대,15727,30
1998,동대문구,30대,15147,22
1998,동대문구,40대,19119,31
1998,동대문구,50대,9899,27
1998,동대문구,60대 이상,18580,32
1998,중랑구,10대,18070,49
1998,중랑구,20대,9178,11
1998,중랑구,30대,10863,17
1998,중랑구,40대,1616,5
1998,중랑구,50대,1815,20
1998,중랑구,60대 이상,7518,38
1998,성북구,10대,8830,19
1998,성북구,20대,15865,41
1998,성북구,30대,10539,6
1998,성북구,40대,14521,31
1998,성북구,50대,2811,42
1998,성북구,60대 이상,15854,47
1998,강북구,10대,12163,27
1998,강북구,20대,11942,17
1998,강북구,30대,10417,39
1998,강북구,40대,9249,36
1998,강북구,50대,4034,21
1998,강북구,60대 이상,14571,48
1998,도봉구,10대,1780,45
1998,도봉구,20대,9914,19
1998,도봉구,30대,15789,3
1998,도봉구,40대,11609,24
1998,도봉구,50대,7011,41
1998,도봉구,60대 이상,14304,50
1998,노원구,10대,19694,44
1998,노원구,20대,6515,39
1998,노원구,30대,15529,25
1998,노원구,40대,19097,10
1998,노원구,50대,817,5
1998,노원구,60대 이상,5280,27
1998,은평구,10대,17019,45
1998,은평구,20대,12745,8
1998,은평구,30대,4927,39
1998,은평구,40대,2194,33
1998,은평구,50대,15650,13
1998,은평구,60대 이상,5295,22
1998,서대문구,10대,5701,14
1998,서대문구,20대,15169,5
1998,서대문구,30대,12213,50
1998,서대문구,40대,4824,27
1998,서대문구,50대,17853,15
1998,서대문구,60대 이상,8571,16
1998,마포구,10대,2046,30
1998,마포구,20대,8776,20
1998,마포구,30대,18916,22
1998,마포구,40대,16474,27
1998,마포구,50대,5619,14
1998,마포구,60대 이상,8818,50
1998,양천구,10대,10739,22
1998,양천구,20대,8329,37
1998,양천구,30대,3331,36
1998,양천구,40대,9562,49
1998,양천구,50대,6156,18
1998,양천구,60대 이상,13396,47
1998,강서구,10대,16840,43
1998,강서구,20대,5707,49
1998,강서구,30대,1998,41
1998,강서구,40대,9948,13
1998,강서구,50대,3209,35
1998,강서구,60대 이상,13167,4
1998,구로구,10대,15014,9
1998,구로구,20대,12279,28
1998,구로구,30대,5734,35
1998,구로구,40대,15160,4
1998,구로구,50대,15072,44
1998,구로구,60대 이상,7348,27
1998,금천구,10대,19942,24
1998,금천구,20대,6798,44
1998,금천구,30대,9838,21
1998,금천구,40대,6163,41
1998,금천구,50대,16580,33
1998,금천구,60대 이상,6175,9
1998,영등포구,10대,15512,35
1998,영등포구,20대,10531,29
1998,영등포구,30대,17971,24
1998,영등포구,40대,10714,3
1998,영등포구,50대,7036,35
1998,영등포구,60대 이상,3526,37
1998,동작구,10대,18578,12
1998,동작구,20대,9017,41
1998,동작구,30대,13486,24
1998,동작구,40대,1101,37
1998,동작구,50대,10512,48
1998,동작구,60대 이상,3009,45
1998,관악구,10대,9398,7
1998,관악구,20대,13220,31
1998,관악구,30대,16261,10
1998,관악구,40대,10909,36
1998,관악구,50대,7647,29
1998,관악구,60대 이상,8652,35
1998,서초구,10대,7171,34
1998,서초구,20대,780,3
1998,서초구,30대,14207,5
1998,서초구,40대,10096,48
1998,서초구,50대,15355,14
1998,서초구,60대 이상,7351,36
1998,강남구,10대,8830,9
1998,강남구,20대,18770,20
1998,강남구,30대,19369,4
1998,강남구,40대,2059,27
1998,강남구,50대,1277,28
1998,강남구,60대 이상,8750,29
1998,송파구,10대,4243,46
1998,송파구,20대,3855,41
1998,송파구,30대,10825,1
1998,송파구,40대,8614,38
1998,송파구,50대,13566,39
1998,송파구,60대 이상,11020,44
1998,강동구,10대,15398,12
1998,강동구,20대,9960,27
1998,강동구,30대,12616,36
1998,강동구,40대,4680,28
1998,강동구,50대,9880,27
1998,강동구,60대 이상,13347,39
1999,종로구,10대,19845,45
1999,종로구,20대,5494,47
1999,종로구,30대,17996,30
1999,종로구,40대,4591,32
1999,종로구,50대,9294,13
1999,종로구,60대 이상,6572,41
1999,중구,10대,9740,19
1999,중구,20대,12616,3
1999,중구,30대,18135,21
1999,중구,40대,10938,15
1999,중구,50대,4776,48
1999,중구,60대 이상,3583,3
1999,용산구,10대,19149,19
1999,용산구,20대,6602,29
1999,용산구,30대,1769,9
1999,용산구,40대,14387,25
1999,용산구,50대,13917,29
1999,용산구,60대 이상,11118,36
1999,성동구,10대,16805,9
1999,성동구,20대,10860,29
1999,성동구,30대,11036,38
1999,성동구,40대,1126,49
1999,성동구,50대,14624,10
1999,성동구,60대 이상,2046,36
1999,광진구,10대,14406,42
1999,광진구,20대,16478,28
1999,광진구,30대,8759,5
1999,광진구,40대,8463,42
1999,광진구,50대,15928,22
1999,광진구,60대 이상,14444,16
1999,동대문구,10대,5924,17
1999,동대문구,20대,14700,34
1999,동대문구,30대,13327,13
1999,동대문구,40대,7128,44
1999,동대문구,50대,7098,3
1999,동대문구,60대 이상,12517,18
1999,중랑구,10대,4720,28
1999,중랑구,20대,18043,38
1999,중랑구,30대,17616,25
1999,중랑구,40대,9200,40
1999,중랑구,50대,11970,39
1999,중랑구,60대 이상,1776,30
1999,성북구,10대,4318,33
1999,성북구,20대,19447,9
1999,성북구,30대,9889,1
1999,성북구,40대,3143,48
1999,성북구,50대,9165,21
1999,성북구,60대 이상,15641,16
1999,강북구,10대,2391,43
1999,강북구,20대,14698,30
1999,강북구,30대,5939,39
1999,강북구,40대,3982,32
1999,강북구,50대,3739,34
1999,강북구,60대 이상,6242,16
1999,도봉구,10대,10911,9
1999,도봉구,20대,4944,2
1999,도봉구,30대,966,46
1999,도봉구,40대,14541,50
1999,도봉구,50대,5489,37
1999,도봉구,60대 이상,8125,21
1999,노원구,10대,8127,16
1999,노원구,20대,5283,23
1999,노원구,30대,16199,49
1999,노원구,40대,18935,11
1999,노원구,50대,1643,13
1999,노원구,60대 이상,17474,27
1999,은평구,10대,15992,44
1999,은평구,20대,12840,11
1999,은평구,30대,8065,26
1999,은평구,40대,14587,26
1999,은평구,50대,13206,25
1999,은평구,60대 이상,14502,42
1999,서대문구,10대,1899,8
1999,서대문구,20대,2873,8
1999,서대문구,30대,3760,40
1999,서대문구,40대,3911,8
1999,서대문구,50대,5783,32
1999,서대문구,60대 이상,7178,39
1999,마포구,10대,7046,28
1999,마포구,20대,5013,48
1999,마포구,30대,19829,8
1999,마포구,40대,6226,44
1999,마포구,50대,3797,48
1999,마포구,60대 이상,17516,40
1999,양천구,10대,14620,43
1999,양천구,20대,8115,38
1999,양천구,30대,6577,28
1999,양천구,40대,10644,30
1999,양천구,50대,19238,9
1999,양천구,60대 이상,12117,1
1999,강서구,10대,2825,21
1999,강서구,20대,13889,19
1999,강서구,30대,4288,4
1999,강서구,40대,15747,7
1999,강서구,50대,10418,15
1999,강서구,60대 이상,18084,38
1999,구로구,10대,2480,1
1999,구로구,20대,10346,1
1999,구로구,30대,17872,44
1999,구로구,40대,5940,13
1999,구로구,50대,5248,20
1999,구로구,60대 이상,16563,45
1999,금천구,10대,5211,46
1999,금천구,20대,16339,25
1999,금천구,30대,6036,49
1999,금천구,40대,16071,39
1999,금천구,50대,8047,10
1999,금천구,60대 이상,12291,2
1999,영등포구,10대,13163,26
1999,영등포구,20대,7886,36
1999,영등포구,30대,11246,38
1999,영등포구,40대,12764,22
1999,영등포구,50대,11835,37
1999,영등포구,60대 이상,6626,39
1999,동작구,10대,15906,13
1999,동작구,20대,8879,11
1999,동작구,30대,19424,1
1999,동작구,40대,16597,12
1999,동작구,50대,1189,18
1999,동작구,60대 이상,5909,13
1999,관악구,10대,18093,4
1999,관악구,20대,7998,42
1999,관악구,30대,9807,45
1999,관악구,40대,15063,45
1999,관악구,50대,12056,50
1999,관악구,60대 이상,1512,36
1999,서초구,10대,15897,15
1999,서초구,20대,9885,27
1999,서초구,30대,11467,28
1999,서초구,40대,5103,42
1999,서초구,50대,14394,26
1999,서초구,60대 이상,17787,8
1999,강남구,10대,14983,15
1999,강남구,20대,16154,4
1999,강남구,30대,6871,45
1999,강남구,40대,14728,30
1999,강남구,50대,2216,40
1999,강남구,60대 이상,1462,32
1999,송파구,10대,5130,49
1999,송파구,20대,1432,25
1999,송파구,30대,1184,6
1999,송파구,40대,18044,6
1999,송파구,50대,10722,11
1999,송파구,60대 이상,8606,12
1999,강동구,10대,5700,29
1999,강동구,20대,14459,50
1999,강동구,30대,5139,32
1999,강동구,40대,9259,8
1999,강동구,50대,9248,20
1999,강동구,60대 이상,10707,47
2000,종로구,10대,19292,47
2000,종로구,20대,16064,46
2000,종로구,30대,4606,2
2000,종로구,40대,2886,48
2000,종로구,50대,6672,36
2000,종로구,60대 이상,4439,31
2000,중구,10대,15846,42
2000,중구,20대,3567,28
2000,중구,30대,9189,32
2000,중구,40대,8238,26
2000,중구,50대,1969,37
2000,중구,60대 이상,1733,12
2000,용산구,10대,3164,36
2000,용산구,20대,4381,17
2000,용산구,30대,1896,38
2000,용산구,40대,17554,9
2000,용산구,50대,1365,25
2000,용산구,60대 이상,16447,45
2000,성동구,10대,11252,49
2000,성동구,20대,6323,16
2000,성동구,30대,7385,20
2000,성동구,40대,17311,16
2000,성동구,50대,10636,23
2000,성동구,60대 이상,15090,8
2000,광진구,10대,16055,19
2000,광진구,20대,10681,11
2000,광진구,30대,10088,34
2000,광진구,40대,5233,29
2000,광진구,50대,6479,29
2000,광진구,60대 이상,17146,17
2000,동대문구,10대,1452,20
2000,동대문구,20대,15042,1
2000,동대문구,30대,7330,44
2000,동대문구,40대,17816,17
2000,동대문구,50대,6852,15
2000,동대문구,60대 이상,6682,6
2000,중랑구,10대,19129,28
2000,중랑구,20대,14237,48
2000,중랑구,30대,9989,21
2000,중랑구,40대,17688,29
2000,중랑구,50대,18546,39
2000,중랑구,60대 이상,10922,36
2000,성북구,10대,15138,20
2000,성북구,20대,11290,24
2000,성북구,30대,3105,27
2000,성북구,40대,5744,38
2000,성북구,50대,19649,21
2000,성북구,60대 이상,11576,12
2000,강북구,10대,5207,49
2000,강북구,20대,15688,13
2000,강북구,30대,8912,34
2000,강북구,40대,18585,34
2000,강북구,50대,4535,50
2000,강북구,60대 이상,4084,17
2000,도봉구,10대,7402,7
2000,도봉구,20대,3512,21
2000,도봉구,30대,16509,23
2000,도봉구,40대,3651,33
2000,도봉구,50대,14270,49
2000,도봉구,60대 이상,7240,18
2000,노원구,10대,6383,26
2000,노원구,20대,17219,17
2000,노원구,30대,2051,22
2000,노원구,40대,3841,30
2000,노원구,50대,4452,24
2000,노원구,60대 이상,6976,47
2000,은평구,10대,14631,8
2000,은평구,20대,11767,3
2000,은평구,30대,9915,11
2000,은평구,40대,16705,4
2000,은평구,50대,6031,23
2000,은평구,60대 이상,4702,32
2000,서대문구,10대,8934,26
2000,서대문구,20대,697,50
2000,서대문구,30대,19988,34
2000,서대문구,40대,2403,1
2000,서대문구,50대,10128,44
2000,서대문구,60대 이상,3366,14
2000,마포구,10대,2908,33
2000,마포구,20대,7517,40
2000,마포구,30대,3102,13
2000,마포구,40대,16218,5
2000,마포구,50대,11067,3
2000,마포구,60대 이상,2384,29
2000,양천구,10대,693,43
2000,양천구,20대,11663,38
2000,양천구,30대,15600,25
2000,양천구,40대,4904,45
2000,양천구,50대,13275,6
2000,양천구,60대 이상,9009,43
2000,강서구,10대,9869,42
2000,강서구,20대,1729,8
2000,강서구,30대,2306,49
2000,강서구,40대,2764,35
2000,강서구,50대,971,45
2000,강서구,60대 이상,7210,13
2000,구로구,10대,14714,49
2000,구로구,20대,13087,13
2000,구로구,30대,3019,36
2000,구로구,40대,8601,49
2000,구로구,50대,2121,50
2000,구로구,60대 이상,18193,16
2000,금천구,10대,13593,18
2000,금천구,20대,2066,30
2000,금천구,30대,6281,29
2000,금천구,40대,4474,19
2000,금천구,50대,6988,42
2000,금천구,60대 이상,14860,9
2000,영등포구,10대,7768,24
2000,영등포구,20대,14815,21
2000,영등포구,30대,9823,14
2000,영등포구,40대,9548,18
2000,영등포구,50대,19909,43
2000,영등포구,60대 이상,3322,34
2000,동작구,10대,19390,30
2000,동작구,20대,8592,35
2000,동작구,30대,15424,6
2000,동작구,40대,19858,16
2000,동작구,50대,14846,35
2000,동작구,60대 이상,11100,41
2000,관악구,10대,8848,30
2000,관악구,20대,10085,28
2000,관악구,30대,16397,4
2000,관악구,40대,17863,25
2000,관악구,50대,14447,40
2000,관악구,60대 이상,16146,42
2000,서초구,10대,6041,9
2000,서초구,20대,16292,5
2000,서초구,30대,9339,21
2000,서초구,40대,19020,17
2000,서초구,50대,13636,25
2000,서초구,60대 이상,8292,8
2000,강남구,10대,4382,21
2000,강남구,20대,11957,13
2000,강남구,30대,11434,21
2000,강남구,40대,12925,43
2000,강남구,50대,19033,34
2000,강남구,60대 이상,544,26
2000,송파구,10대,2174,21
2000,송파구,20대,14737,48
2000,송파구,30대,6912,29
2000,송파구,40대,16186,4
2000,송파구,50대,12199,46
2000,송파구,60대 이상,7751,6
2000,강동구,10대,9369,4
2000,강동구,20대,968,48
2000,강동구,30대,5554,31
2000,강동구,40대,19935,42
2000,강동구,50대,1867,48
2000,강동구,60대 이상,18357,39
2001,종로구,10대,13686,43
2001,종로구,20대,3677,3
2001,종로구,30대,18271,27
2001,종로구,40대,16383,42
2001,종로구,50대,4699,32
2001,종로구,60대 이상,6621,27
2001,중구,10대,15839,6
2001,중구,20대,795,21
2001,중구,30대,3192,47
2001,중구,40대,9785,43
2001,중구,50대,1389,48
2001,중구,60대 이상,7981,44
2001,용산구,10대,10419,23
2001,용산구,20대,7482,28
2001,용산구,30대,9066,22
2001,용산구,40대,7128,35
2001,용산구,50대,11585,41
2001,용산구,60대 이상,15524,33
2001,성동구,10대,7114,19
2001,성동구,20대,10644,2
2001,성동구,30대,14792,47
2001,성동구,40대,1010,37
2001,성동구,50대,16097,37
2001,성동구,60대 이상,3449,7
2001,광진구,10대,9641,6
2001,광진구,20대,3718,15
2001,광진구,30대,15250,24
2001,광진구,40대,14835,31
2001,광진구,50대,14800,35
2001,광진구,60대 이상,2752,36
2001,동대문구,10대,5024,22
2001,동대문구,20대,9929,22
2001,동대문구,30대,15781,49
2001,동대문구,40대,16283,43
2001,동대문구,50대,9018,33
2001,동대문구,60대 이상,9656,43
2001,중랑구,10대,2452,45
2001,중랑구,20대,1360,20
2001,중랑구,30대,15776,22
2001,중랑구,40대,6917,38
2001,중랑구,50대,12403,5
2001,중랑구,60대 이상,1707,2
2001,성북구,10대,10669,12
2001,성북구,20대,15811,45
2001,성북구,30대,11898,28
2001,성북구,40대,14631,22
2001,성북구,50대,8316,5
2001,성북구,60대 이상,17632,31
2001,강북구,10대,15629,47
2001,강북구,20대,12820,16
2001,강북구,30대,6043,28
2001,강북구,40대,16016,13
2001,강북구,50대,8789,45
2001,강북구,60대 이상,7937,49
2001,도봉구,10대,5150,33
2001,도봉구,20대,11958,40
2001,도봉구,30대,7894,40
2001,도봉구,40대,3809,39
2001,도봉구,50대,9478,27
2001,도봉구,60대 이상,2670,34
2001,노원구,10대,13035,13
2001,노원구,20대,13673,48
2001,노원구,30대,11353,38
2001,노원구,40대,4443,9
2001,노원구,50대,12913,8
2001,노원구,60대 이상,9254,40
2001,은평구,10대,2728,32
2001,은평구,20대,15795,22
2001,은평구,30대,13563,44
2001,은평구,40대,19455,32
2001,은평구,50대,9777,4
2001,은평구,60대 이상,9003,5
2001,서대문구,10대,3109,3
2001,서대문구,20대,9962,3
2001,서대문구,30대,9946,27
2001,서대문구,40대,18395,24
2001,서대문구,50대,11227,5
2001,서대문구,60대 이상,6402,8
2001,마포구,10대,4149,33
2001,마포구,20대,9229,21
2001,마포구,30대,5400,29
2001,마포구,40대,8971,16
2001,마포구,50대,870,10
2001,마포구,60대 이상,16997,43
2001,양천구,10대,12651,48
2001,양천구,20대,16014,41
2001,양천구,30대,12530,3
2001,양천구,40대,5388,37
2001,양천구,50대,3077,38
2001,양천구,60대 이상,17888,7
2001,강서구,10대,8281,28
2001,강서구,20대,17294,25
2001,강서구,30대,17714,27
2001,강서구,40대,1878,5
2001,강서구,50대,4367,30
2001,강서구,60대 이상,18325,21
2001,구로구,10대,13810,31
2001,구로구,20대,12574,42
2001,구로구,30대,9951,15
2001,구로구,40대,11636,38
2001,구로구,50대,14507,25
2001,구로구,60대 이상,19595,4
2001,금천구,10대,15183,30
2001,금천구,20대,5122,24
2001,금천구,30대,9731,15
2001,금천구,40대,14667,22
2001,금천구,50대,8763,19
2001,금천구,60대 이상,4956,45
2001,영등포구,10대,14217,6
2001,영등포구,20대,14594,14
2001,영등포구,30대,9654,23
2001,영등포구,40대,6151,8
2001,영등포구,50대,6246,37
2001,영등포구,60대 이상,17825,20
2001,동작구,10대,10473,32
2001,동작구,20대,17670,38
2001,동작구,30대,3281,38
2001,동작구,40대,1959,4
2001,동작구,50대,3547,49
2001,동작구,60대 이상,1749,30
2001,관악구,10대,8315,13
2001,관악구,20대,9126,24
2001,관악구,30대,4146,43
2001,관악구,40대,4642,35
2001,관악구,50대,4400,17
2001,관악구,60대 이상,13397,22
2001,서초구,10대,19199,49
2001,서초구,20대,17120,45
2001,서초구,30대,17885,34
2001,서초구,40대,17226,39
2001,서초구,50대,16055,12
2001,서초구,60대 이상,8394,7
2001,강남구,10대,1443,41
2001,강남구,20대,7009,20
2001,강남구,30대,919,42
2001,강남구,40대,1194,32
2001,강남구,50대,12933,22
2001,강남구,60대 이상,3144,34
2001,송파구,10대,10256,28
2001,송파구,20대,1721,39
2001,송파구,30대,3821,4
2001,송파구,40대,7927,24
2001,송파구,50대,18976,44
2001,송파구,60대 이상,18638,20
2001,강동구,10대,5502,6
2001,강동구,20대,7342,39
2001,강동구,30대,1176,10
2001,강동구,40대,10147,27
2001,강동구,50대,11677,22
2001,강동구,60대 이상,1236,16
2002,종로구,10대,684,5
2002,종로구,20대,13567,17
2002,종로구,30대,4135,14
2002,종로구,40대,18986,38
2002,종로구,50대,16984,49
2002,종로구,60대 이상,12480,46
2002,중구,10대,14097,27
2002,중구,20대,8108,13
2002,중구,30대,708,50
2002,중구,40대,18182,25
2002,중구,50대,2642,42
2002,중구,60대 이상,4194,13
2002,용산구,10대,1642,45
2002,용산구,20대,5117,15
2002,용산구,30대,11822,9
2002,용산구,40대,10997,14
2002,용산구,50대,4196,29
2002,용산구,60대 이상,9990,21
2002,성동구,10대,17110,20
2002,성동구,20대,16228,8
2002,성동구,30대,4791,47
2002,성동구,40대,19491,23
2002,성동구,50대,1658,23
2002,성동구,60대 이상,9608,2
2002,광진구,10대,3463,45
2002,광진구,20대,5076,30
2002,광진구,30대,1627,5
2002,광진구,40대,13338,20
2002,광진구,50대,940,18
2002,광진구,60대 이상,12392,50
2002,동대문구,10대,1899,38
2002,동대문구,20대,16689,48
2002,동대문구,30대,13613,4
2002,동대문구,40대,18384,33
2002,동대문구,50대,11721,13
2002,동대문구,60대 이상,15121,10
2002,중랑구,10대,647,48
2002,중랑구,20대,10867,42
2002,중랑구,30대,12200,21
2002,중랑구,40대,10919,41
2002,중랑구,50대,2012,18
2002,중랑구,60대 이상,18809,29
2002,성북구,10대,1313,2
2002,성북구,20대,5690,2
2002,성북구,30대,5545,11
2002,성북구,40대,19529,39
2002,성북구,50대,9365,25
2002,성북구,60대 이상,3110,21
2002,강북구,10대,12351,4
2002,강북구,20대,16337,24
2002,강북구,30대,16333,27
2002,강북구,40대,17345,34
2002,강북구,50대,17173,36
2002,강북구,60대 이상,16052,8
2002,도봉구,10대,16958,10
2002,도봉구,20대,18051,46
2002,도봉구,30대,560,29
2002,도봉구,40대,11516,33
2002,도봉구,50대,13956,16
2002,도봉구,60대 이상,15703,11
2002,노원구,10대,5406,37
2002,노원구,20대,6242,35
2002,노원구,30대,10444,10
2002,노원구,40대,9041,18
2002,노원구,50대,12026,36
2002,노원구,60대 이상,18676,46
2002,은평구,10대,11029,20
2002,은평구,20대,8286,11
2002,은평구,30대,6641,34
2002,은평구,40대,5570,28
2002,은평구,50대,9262,27
2002,은평구,60대 이상,4462,26
2002,서대문구,10대,16811,11
2002,서대문구,20대,2280,27
2002,서대문구,30대,11052,7
2002,서대문구,40대,723,12
2002,서대문구,50대,15555,9
2002,서대문구,60대 이상,15411,36
2002,마포구,10대,839,36
2002,마포구,20대,5497,47
2002,마포구,30대,9985,6
2002,마포구,40대,11254,49
2002,마포구,50대,7931,4
2002,마포구,60대 이상,18693,42
2002,양천구,10대,2050,26
2002,양천구,20대,15285,32
2002,양천구,30대,19056,48
2002,양천구,40대,19073,43
2002,양천구,50대,881,9
2002,양천구,60대 이상,14775,5
2002,강서구,10대,12803,39
2002,강서구,20대,6176,47
2002,강서구,30대,4772,42
2002,강서구,40대,6750,6
2002,강서구,50대,8245,23
2002,강서구,60대 이상,3804,18
2002,구로구,10대,11336,3
2002,구로구,20대,3211,6
2002,구로구,30대,12525,24
2002,구로구,40대,11047,21
2002,구로구,50대,13284,50
2002,구로구,60대 이상,1398,47
2002,금천구,10대,1311,21
2002,금천구,20대,17202,41
2002,금천구,30대,18404,37
2002,금천구,40대,17057,24
2002,금천구,50대,14603,34
2002,금천구,60대 이상,8171,28
2002,영등포구,10대,11704,46
2002,영등포구,20대,16901,25
2002,영등포구,30대,3234,41
2002,영등포구,40대,15536,50
2002,영등포구,50대,3626,28
2002,영등포구,60대 이상,12470,17
2002,동작구,10대,8732,17
2002,동작구,20대,8494,24
2002,동작구,30대,10687,2
2002,동작구,40대,15030,28
2002,동작구,50대,14884,36
2002,동작구,60대 이상,15537,14
2002,관악구,10대,1072,47
2002,관악구,20대,3675,27
2002,관악구,30대,4334,45
2002,관악구,40대,2597,28
2002,관악구,50대,1469,41
2002,관악구,60대 이상,2287,15
2002,서초구,10대,15745,20
2002,서초구,20대,10825,13
2002,서초구,30대,14885,11
2002,서초구,40대,1818,18
2002,서초구,50대,1177,45
2002,서초구,60대 이상,10610,21
2002,강남구,10대,10008,25
2002,강남구,20대,8061,27
2002,강남구,30대,10955,43
2002,강남구,40대,10857,47
2002,강남구,50대,12495,46
2002,강남구,60대 이상,2425,26
2002,송파구,10대,7718,36
2002,송파구,20대,5824,49
2002,송파구,30대,17201,18
2002,송파구,40대,13185,22
2002,송파구,50대,16424,42
2002,송파구,60대 이상,682,31
2002,강동구,10대,18595,8
2002,강동구,20대,1759,21
2002,강동구,30대,2421,25
2002,강동구,40대,1761,11
2002,강동구,50대,8323,2
2002,강동구,60대 이상,9566,48
2003,종로구,10대,5979,14
2003,종로구,20대,2853,16
2003,종로구,30대,10512,46
2003,종로구,40대,5035,43
2003,종로구,50대,19065,28
2003,종로구,60대 이상,13294,27
2003,중구,10대,18412,46
2003,중구,20대,12276,19
2003,중구,30대,15238,28
2003,중구,40대,7977,42
2003,중구,50대,5396,23
2003,중구,60대 이상,517,3
2003,용산구,10대,3179,30
2003,용산구,20대,19150,47
2003,용산구,30대,9877,2
2003,용산구,40대,7950,6
2003,용산구,50대,15564,7
2003,용산구,60대 이상,17032,16
2003,성동구,10대,5372,38
2003,성동구,20대,9399,25
2003,성동구,30대,17790,43
2003,성동구,40대,18762,10
2003,성동구,50대,14811,46
2003,성동구,60대 이상,12740,12
2003,광진구,10대,3934,46
2003,광진구,20대,13627,19
2003,광진구,30대,9503,42
2003,광진구,40대,2980,44
2003,광진구,50대,12262,18
2003,광진구,60대 이상,19297,26
2003,동대문구,10대,11181,46
2003,동대문구,20대,5606,8
2003,동대문구,30대,1391,24
2003,동대문구,40대,8933,17
2003,동대문구,50대,19574,7
2003,동대문구,60대 이상,19681,35
2003,중랑구,10대,1476,44
2003,중랑구,20대,8030,17
2003,중랑구,30대,5312,34
2003,중랑구,40대,11492,21
2003,중랑구,50대,13502,15
2003,중랑구,60대 이상,15674,9
2003,성북구,10대,2307,45
2003,성북구,20대,8403,34
2003,성북구,30대,14641,50
2003,성북구,40대,14490,39
2003,성북구,50대,19186,24
2003,성북구,60대 이상,980,8
2003,강북구,10대,2490,33
2003,강북구,20대,7353,29
2003,강북구,30대,12644,26
2003,강북구,40대,10924,15
2003,강북구,50대,1730,45
2003,강북구,60대 이상,13045,48
2003,도봉구,10대,16858,45
2003,도봉구,20대,5456,15
2003,도봉구,30대,6653,21
2003,도봉구,40대,4964,15
2003,도봉구,50대,4676,8
2003,도봉구,60대 이상,6589,15
2003,노원구,10대,19607,45
2003,노원구,20대,6611,5
2003,노원구,30대,15208,36
2003,노원구,40대,13139,31
2003,노원구,50대,2243,12
2003,노원구,60대 이상,2682,43
2003,은평구,10대,13030,31
2003,은평구,20대,17022,42
2003,은평구,30대,13368,36
2003,은평구,40대,5219,7
2003,은평구,50대,17609,45
2003,은평구,60대 이상,7614,47
2003,서대문구,10대,3885,6
2003,서대문구,20대,6852,5
2003,서대문구,30대,19285,2
2003,서대문구,40대,8624,40
2003,서대문구,50대,12173,6
2003,서대문구,60대 이상,4035,38
2003,마포구,10대,15577,44
2003,마포구,20대,15435,28
2003,마포구,30대,14484,42
2003,마포구,40대,10337,15
2003,마포구,50대,16471,17
2003,마포구,60대 이상,18572,3
2003,양천구,10대,5307,37
2003,양천구,20대,18704,48
2003,양천구,30대,8067,31
2003,양천구,40대,9323,40
2003,양천구,50대,12881,34
2003,양천구,60대 이상,14410,38
2003,강서구,10대,4568,37
2003,강서구,20대,11377,32
2003,강서구,30대,6213,12
2003,강서구,40대,14934,6
2003,강서구,50대,16175,7
2003,강서구,60대 이상,1447,21
2003,구로구,10대,12659,32
2003,구로구,20대,14149,28
2003,구로구,30대,1595,14
2003,구로구,40대,2391,5
2003,구로구,50대,1241,38
2003,구로구,60대 이상,17650,48
2003,금천구,10대,16074,24
2003,금천구,20대,2039,15
2003,금천구,30대,8860,2
2003,금천구,40대,4733,30
2003,금천구,50대,5991,10
2003,금천구,60대 이상,2163,50
2003,영등포구,10대,15922,17
2003,영등포구,20대,7613,3
2003,영등포구,30대,7237,40
2003,영등포구,40대,7962,12
2003,영등포구,50대,14401,3
2003,영등포구,60대 이상,16037,46
2003,동작구,10대,17383,8
2003,동작구,20대,11824,29
2003,동작구,30대,9873,15
2003,동작구,40대,4256,14
2003,동작구,50대,19048,32
2003,동작구,60대 이상,10673,3
2003,관악구,10대,17274,33
2003,관악구,20대,7074,19
2003,관악구,30대,15304,28
2003,관악구,40대,1722,17
2003,관악구,50대,4776,29
2003,관악구,60대 이상,12709,3
2003,서초구,10대,12425,13
2003,서초구,20대,7731,4
2003,서초구,30대,13903,11
2003,서초구,40대,1223,31
2003,서초구,50대,12311,14
2003,서초구,60대 이상,4916,40
2003,강남구,10대,5807,1
2003,강남구,20대,19732,34
2003,강남구,30대,17328,13
2003,강남구,40대,4096,33
2003,강남구,50대,2090,28
2003,강남구,60대 이상,2066,41
2003,송파구,10대,4285,12
2003,송파구,20대,11603,34
2003,송파구,30대,9651,49
2003,송파구,40대,10683,6
2003,송파구,50대,13221,6
2003,송파구,60대 이상,11727,42
2003,강동구,10대,13601,32
2003,강동구,20대,11399,16
2003,강동구,30대,12714,32
2003,강동구,40대,10147,45
2003,강동구,50대,13496,47
2003,강동구,60대 이상,16158,6
2004,종로구,10대,5883,6
2004,종로구,20대,14524,33
2004,종로구,30대,17077,16
2004,종로구,40대,6790,36
2004,종로구,50대,2398,50
2004,종로구,60대 이상,15248,22
2004,중구,10대,8667,43
2004,중구,20대,17220,23
2004,중구,30대,4503,36
2004,중구,40대,2729,24
2004,중구,50대,14548,24
2004,중구,60대 이상,14880,6
2004,용산구,10대,11205,23
2004,용산구,20대,4906,10
2004,용산구,30대,8437,43
2004,용산구,40대,10813,4
2004,용산구,50대,14416,36
2004,용산구,60대 이상,9272,20
2004,성동구,10대,19078,16
2004,성동구,20대,5167,34
2004,성동구,30대,7805,1
2004,성동구,40대,11165,18
2004,성동구,50대,11162,7
2004,성동구,60대 이상,15528,5
2004,광진구,10대,12725,33
2004,광진구,20대,10118,42
2004,광진구,30대,19544,50
2004,광진구,40대,9381,11
2004,광진구,50대,6902,11
2004,광진구,60대 이상,5308,50
2004,동대문구,10대,2544,3
2004,동대문구,20대,16169,48
2004,동대문구,30대,2253,34
2004,동대문구,40대,19720,39
2004,동대문구,50대,1144,19
2004,동대문구,60대 이상,10350,44
2004,중랑구,10대,1787,48
2004,중랑구,20대,11602,12
2004,중랑구,30대,11951,9
2004,중랑구,40대,12136,15
2004,중랑구,50대,8877,3
2004,중랑구,60대 이상,6699,11
2004,성북구,10대,16216,21
2004,성북구,20대,17225,19
2004,성북구,30대,14368,18
2004,성북구,40대,6979,43
2004,성북구,50대,3756,19
2004,성북구,60대 이상,3894,11
2004,강북구,10대,3135,8
2004,강북구,20대,1203,7
2004,강북구,30대,16362,24
2004,강북구,40대,3222,1
2004,강북구,50대,2886,11
2004,강북구,60대 이상,8090,48
2004,도봉구,10대,6868,5
2004,도봉구,20대,6366,4
2004,도봉구,30대,17247,33
2004,도봉구,40대,19409,32
2004,도봉구,50대,19628,25
2004,도봉구,60대 이상,1411,16
2004,노원구,10대,18341,23
2004,노원구,20대,15584,15
2004,노원구,30대,16196,38
2004,노원구,40대,4246,19
2004,노원구,50대,6914,46
2004,노원구,60대 이상,17149,2
2004,은평구,10대,1090,13
2004,은평구,20대,2170,48
2004,은평구,30대,1065,14
2004,은평구,40대,14439,31
2004,은평구,50대,4464,20
2004,은평구,60대 이상,16993,50
2004,서대문구,10대,15334,18
2004,서대문구,20대,8675,33
2004,서대문구,30대,3511,29
2004,서대문구,40대,13044,34
2004,서대문구,50대,1165,5
2004,서대문구,60대 이상,8918,49
2004,마포구,10대,17335,49
2004,마포구,20대,8312,32
2004,마포구,30대,5633,25
2004,마포구,40대,9562,34
2004,마포구,50대,16357,4
2004,마포구,60대 이상,3629,20
2004,양천구,10대,2995,14
2004,양천구,20대,7327,42
2004,양천구,30대,9657,26
2004,양천구,40대,5211,6
2004,양천구,50대,6598,10
2004,양천구,60대 이상,1075,15
2004,강서구,10대,19178,25
2004,강서구,20대,16658,20
2004,강서구,30대,3895,26
2004,강서구,40대,6527,32
2004,강서구,50대,7580,8
2004,강서구,60대 이상,18386,22
2004,구로구,10대,18668,31
2004,구로구,20대,12258,7
2004,구로구,30대,17241,28
2004,구로구,40대,4675,14
2004,구로구,50대,8847,33
2004,구로구,60대 이상,4199,49
2004,금천구,10대,7105,37
2004,금천구,20대,19942,8
2004,금천구,30대,864,16
2004,금천구,40대,5938,16
2004,금천구,50대,19683,45
2004,금천구,60대 이상,13732,45
2004,영등포구,10대,6090,5
2004,영등포구,20대,5885,15
2004,영등포구,30대,14646,50
2004,영등포구,40대,2698,7
2004,영등포구,50대,3004,41
2004,영등포구,60대 이상,17887,38
2004,동작구,10대,12612,33
2004,동작구,20대,19219,12
2004,동작구,30대,1145,17
2004,동작구,40대,12694,29
2004,동작구,50대,15142,34
2004,동작구,60대 이상,19019,47
2004,관악구,10대,14972,9
2004,관악구,20대,13368,31
2004,관악구,30대,14427,27
2004,관악구,40대,11809,4
2004,관악구,50대,16331,41
2004,관악구,60대 이상,7146,39
2004,서초구,10대,18640,5
2004,서초구,20대,4789,50
2004,서초구,30대,5663,29
2004,서초구,40대,8738,18
2004,서초구,50대,17963,13
2004,서초구,60대 이상,13129,46
2004,강남구,10대,14709,45
2004,강남구,20대,777,8
2004,강남구,30대,5799,17
2004,강남구,40대,12349,41
2004,강남구,50대,19895,33
2004,강남구,60대 이상,14207,19
2004,송파구,10대,10252,44
2004,송파구,20대,18879,23
2004,송파구,30대,8882,31
2004,송파구,40대,8546,27
2004,송파구,50대,6009,18
2004,송파구,60대 이상,17443,3
2004,강동구,10대,1551,22
2004,강동구,20대,15713,1
2004,강동구,30대,16395,23
2004,강동구,40대,6918,39
2004,강동구,50대,14516,32
2004,강동구,60대 이상,19270,21
2005,종로구,10대,8369,9
2005,종로구,20대,6792,11
2005,종로구,30대,10724,11
2005,종로구,40대,3314,11
2005,종로구,50대,2626,5
2005,종로구,60대 이상,17102,4
2005,중구,10대,1164,28
2005,중구,20대,17919,31
2005,중구,30대,9071,36
2005,중구,40대,16609,15
2005,중구,50대,3621,16
2005,중구,60대 이상,2622,5
2005,용산구,10대,14567,30
2005,용산구,20대,4469,20
2005,용산구,30대,2276,38
2005,용산구,40대,16622,17
2005,용산구,50대,9539,27
2005,용산구,60대 이상,19070,50
2005,성동구,10대,6856,4
2005,성동구,20대,6908,29
2005,성동구,30대,19871,21
2005,성동구,40대,15416,28
2005,성동구,50대,507,42
2005,성동구,60대 이상,7725,8
2005,광진구,10대,5189,38
2005,광진구,20대,12321,19
2005,광진구,30대,2131,11
2005,광진구,40대,15088,19
2005,광진구,50대,11267,11
2005,광진구,60대 이상,12711,38
2005,동대문구,10대,10642,27
2005,동대문구,20대,7893,23
2005,동대문구,30대,15261,8
2005,동대문구,40대,1669,15
2005,동대문구,50대,19692,6
2005,동대문구,60대 이상,6529,14
2005,중랑구,10대,2094,8
2005,중랑구,20대,14286,28
2005,중랑구,30대,11853,16
2005,중랑구,40대,2418,47
2005,중랑구,50대,10655,45
2005,중랑구,60대 이상,5060,41
2005,성북구,10대,1073,14
2005,성북구,20대,11748,36
2005,성북구,30대,11535,2
2005,성북구,40대,8027,42
2005,성북구,50대,6065,27
2005,성북구,60대 이상,4984,22
2005,강북구,10대,16451,21
2005,강북구,20대,14411,14
2005,강북구,30대,1225,30
2005,강북구,40대,7167,31
2005,강북구,50대,1750,16
2005,강북구,60대 이상,13245,5
2005,도봉구,10대,2043,22
2005,도봉구,20대,14609,2
2005,도봉구,30대,17271,39
2005,도봉구,40대,12284,36
2005,도봉구,50대,15694,3
2005,도봉구,60대 이상,19552,20
2005,노원구,10대,16411,46
2005,노원구,20대,2280,41
2005,노원구,30대,2515,11
2005,노원구,40대,10690,14
2005,노원구,50대,10004,2
2005,노원구,60대 이상,4457,33
2005,은평구,10대,5355,20
2005,은평구,20대,6101,28
2005,은평구,30대,3217,37
2005,은평구,40대,19518,48
2005,은평구,50대,10796,30
2005,은평구,60대 이상,12961,30
2005,서대문구,10대,3580,42
2005,서대문구,20대,14935,3
2005,서대문구,30대,10403,2
2005,서대문구,40대,4910,21
2005,서대문구,50대,10726,17
2005,서대문구,60대 이상,4760,6
2005,마포구,10대,18155,7
2005,마포구,20대,16702,33
2005,마포구,30대,9350,35
2005,마포구,40대,8769,46
2005,마포구,50대,19168,45
2005,마포구,60대 이상,5183,40
2005,양천구,10대,12382,48
2005,양천구,20대,15689,24
2005,양천구,30대,932,27
2005,양천구,40대,2418,44
2005,양천구,50대,4804,2
2005,양천구,60대 이상,5488,27
2005,강서구,10대,5217,44
2005,강서구,20대,17541,13
2005,강서구,30대,12458,50
2005,강서구,40대,17491,45
2005,강서구,50대,7613,48
2005,강서구,60대 이상,19548,50
2005,구로구,10대,19074,34
2005,구로구,20대,6333,7
2005,구로구,30대,14058,50
2005,구로구,40대,18177,49
2005,구로구,50대,7635,37
2005,구로구,60대 이상,19900,17
2005,금천구,10대,18756,23
2005,금천구,20대,14581,14
2005,금천구,30대,2026,1
2005,금천구,40대,8596,28
2005,금천구,50대,11009,23
2005,금천구,60대 이상,13548,25
2005,영등포구,10대,13637,11
2005,영등포구,20대,1060,14
2005,영등포구,30대,2238,6
2005,영등포구,40대,1326,34
2005,영등포구,50대,12733,13
2005,영등포구,60대 이상,11842,14
2005,동작구,10대,10738,18
2005,동작구,20대,9184,22
2005,동작구,30대,16987,4
2005,동작구,40대,10551,47
2005,동작구,50대,16354,4
2005,동작구,60대 이상,16943,26
2005,관악구,10대,12318,10
2005,관악구,20대,18503,12
2005,관악구,30대,12646,33
2005,관악구,40대,17078,36
2005,관악구,50대,13616,26
2005,관악구,60대 이상,3244,19
2005,서초구,10대,5542,47
2005,서초구,20대,19257,31
2005,서초구,30대,11530,3
2005,서초구,40대,13913,36
2005,서초구,50대,8873,23
2005,서초구,60대 이상,15744,20
2005,강남구,10대,3317,39
2005,강남구,20대,7774,17
2005,강남구,30대,7779,13
2005,강남구,40대,6976,21
2005,강남구,50대,8586,14
2005,강남구,60대 이상,5299,31
2005,송파구,10대,10410,20
2005,송파구,20대,18961,18
2005,송파구,30대,4315,11
2005,송파구,40대,8358,36
2005,송파구,50대,3818,23
2005,송파구,60대 이상,583,6
2005,강동구,10대,5862,8
2005,강동구,20대,8754,41
2005,강동구,30대,3787,2
2005,강동구,40대,10929,47
2005,강동구,50대,1092,19
2005,강동구,60대 이상,4560,31
2006,종로구,10대,17702,22
2006,종로구,20대,17123,33
2006,종로구,30대,18511,19
2006,종로구,40대,17841,35
2006,종로구,50대,13414,35
2006,종로구,60대 이상,11799,12
2006,중구,10대,2454,9
2006,중구,20대,10993,10
2006,중구,30대,14460,41
2006,중구,40대,17481,4
2006,중구,50대,17294,30
2006,중구,60대 이상,8850,19
2006,용산구,10대,9969,30
2006,용산구,20대,7824,14
2006,용산구,30대,5328,23
2006,용산구,40대,11631,6
2006,용산구,50대,16077,28
2006,용산구,60대 이상,16151,23
2006,성동구,10대,2941,45
2006,성동구,20대,19856,12
2006,성동구,30대,7222,38
2006,성동구,40대,13561,14
2006,성동구,50대,14901,31
2006,성동구,60대 이상,557,36
2006,광진구,10대,7426,36
2006,광진구,20대,3862,12
2006,광진구,30대,17553,29
2006,광진구,40대,14375,22
2006,광진구,50대,1777,34
2006,광진구,60대 이상,12151,12
2006,동대문구,10대,18076,36
2006,동대문구,20대,9275,8
2006,동대문구,30대,12176,36
2006,동대문구,40대,13923,21
2006,동대문구,50대,15398,4
2006,동대문구,60대 이상,12227,17
2006,중랑구,10대,3485,31
2006,중랑구,20대,3709,12
2006,중랑구,30대,1997,46
2006,중랑구,40대,16577,48
2006,중랑구,50대,12195,47
2006,중랑구,60대 이상,9274,18
2006,성북구,10대,11497,44
2006,성북구,20대,13817,5
2006,성북구,30대,4719,32
2006,성북구,40대,9233,2
2006,성북구,50대,8517,7
2006,성북구,60대 이상,734,14
2006,강북구,10대,14997,31
2006,강북구,20대,12591,12
2006,강북구,30대,18762,18
2006,강북구,40대,3379,50
2006,강북구,50대,10382,49
2006,강북구,60대 이상,4143,8
2006,도봉구,10대,6423,35
2006,도봉구,20대,14050,42
2006,도봉구,30대,15978,24
2006,도봉구,40대,10968,37
2006,도봉구,50대,16827,8
2006,도봉구,60대 이상,12755,39
2006,노원구,10대,19737,25
2006,노원구,20대,2706,36
2006,노원구,30대,18141,19
2006,노원구,40대,12694,5
2006,노원구,50대,6567,32
2006,노원구,60대 이상,5307,35
2006,은평구,10대,2345,39
2006,은평구,20대,4778,8
2006,은평구,30대,8911,50
2006,은평구,40대,15273,38
2006,은평구,50대,4887,20
2006,은평구,60대 이상,13698,7
2006,서대문구,10대,10588,36
2006,서대문구,20대,17857,47
2006,서대문구,30대,14340,31
2006,서대문구,40대,5476,20
2006,서대문구,50대,15904,26
2006,서대문구,60대 이상,14425,7
2006,마포구,10대,6907,11
2006,마포구,20대,10872,41
2006,마포구,30대,17755,35
2006,마포구,40대,2657,34
2006,마포구,50대,2096,35
2006,마포구,60대 이상,2838,12
2006,양천구,10대,16008,24
2006,양천구,20대,15381,38
2006,양천구,30대,16889,25
2006,양천구,40대,19484,18
2006,양천구,50대,6150,35
2006,양천구,60대 이상,18767,42
2006,강서구,10대,15627,41
2006,강서구,20대,5602,15
2006,강서구,30대,19291,5
2006,강서구,40대,7533,6
2006,강서구,50대,7997,47
2006,강서구,60대 이상,14201,16
2006,구로구,10대,3450,30
2006,구로구,20대,18382,4
2006,구로구,30대,9885,8
2006,구로구,40대,7831,36
2006,구로구,50대,11690,14
2006,구로구,60대 이상,6303,45
2006,금천구,10대,13328,31
2006,금천구,20대,3982,11
2006,금천구,30대,1535,28
2006,금천구,40대,17021,33
2006,금천구,50대,13246,17
2006,금천구,60대 이상,2953,18
2006,영등포구,10대,3373,26
2006,영등포구,20대,9858,48
2006,영등포구,30대,2042,50
2006,영등포구,40대,15877,42
2006,영등포구,50대,8138,44
2006,영등포구,60대 이상,11349,15
2006,동작구,10대,1604,45
2006,동작구,20대,11275,38
2006,동작구,30대,2001,15
2006,동작구,40대,14285,40
2006,동작구,50대,7177,19
2006,동작구,60대 이상,9207,32
2006,관악구,10대,13484,26
2006,관악구,20대,19361,47
2006,관악구,30대,3458,33
2006,관악구,40대,3586,16
2006,관악구,50대,2255,2
2006,관악구,60대 이상,8684,5
2006,서초구,10대,9207,32
2006,서초구,20대,6531,25
2006,서초구,30대,2546,35
2006,서초구,40대,13135,45
2006,서초구,50대,10284,1
2006,서초구,60대 이상,6984,16
2006,강남구,10대,14428,3
2006,강남구,20대,6247,25
2006,강남구,30대,12151,30
2006,강남구,40대,12761,5
2006,강남구,50대,15635,5
2006,강남구,60대 이상,16729,33
2006,송파구,10대,15394,25
2006,송파구,20대,14292,45
2006,송파구,30대,16776,35
2006,송파구,40대,4700,18
2006,송파구,50대,16408,34
2006,송파구,60대 이상,12700,42
2006,강동구,10대,3091,9
2006,강동구,20대,11328,9
2006,강동구,30대,12606,21
2006,강동구,40대,7856,27
2006,강동구,50대,9533,5
2006,강동구,60대 이상,15840,45
2007,종로구,10대,4808,19
2007,종로구,20대,15203,37
2007,종로구,30대,6885,32
2007,종로구,40대,8213,43
2007,종로구,50대,1757,12
2007,종로구,60대 이상,5515,2
2007,중구,10대,1728,7
2007,중구,20대,3412,19
2007,중구,30대,14441,30
2007,중구,40대,3653,13
2007,중구,50대,17653,18
2007,중구,60대 이상,18577,18
2007,용산구,10대,5873,31
2007,용산구,20대,16833,32
2007,용산구,30대,2858,14
2007,용산구,40대,18710,42
2007,용산구,50대,10103,49
2007,용산구,60대 이상,7159,26
2007,성동구,10대,7939,5
2007,성동구,20대,2631,48
2007,성동구,30대,11083,50
2007,성동구,40대,11446,39
2007,성동구,50대,13115,38
2007,성동구,60대 이상,17478,42
2007,광진구,10대,16490,44
2007,광진구,20대,16220,33
2007,광진구,30대,5727,38
2007,광진구,40대,3963,8
2007,광진구,50대,10183,43
2007,광진구,60대 이상,2605,11
2007,동대문구,10대,16361,27
2007,동대문구,20대,11824,9
2007,동대문구,30대,9409,13
2007,동대문구,40대,7731,5
2007,동대문구,50대,12615,45
2007,동대문구,60대 이상,8857,42
2007,중랑구,10대,7974,45
2007,중랑구,20대,8064,48
2007,중랑구,30대,5299,26
2007,중랑구,40대,3000,6
2007,중랑구,50대,14691,7
2007,중랑구,60대 이상,15473,17
2007,성북구,10대,19429,32
2007,성북구,20대,13066,10
2007,성북구,30대,8420,36
2007,성북구,40대,7557,32
2007,성북구,50대,9824,26
2007,성북구,60대 이상,2284,5
2007,강북구,10대,736,17
2007,강북구,20대,19779,7
2007,강북구,30대,8124,3
2007,강북구,40대,14157,16
2007,강북구,50대,15209,38
2007,강북구,60대 이상,18706,10
2007,도봉구,10대,9726,30
2007,도봉구,20대,8223,47
2007,도봉구,30대,2334,28
2007,도봉구,40대,15442,19
2007,도봉구,50대,1155,22
2007,도봉구,60대 이상,5846,29
2007,노원구,10대,1087,17
2007,노원구,20대,19886,48
2007,노원구,30대,14309,24
2007,노원구,40대,15419,22
2007,노원구,50대,6336,5
2007,노원구,60대 이상,6548,38
2007,은평구,10대,3470,28
2007,은평구,20대,7212,17
2007,은평구,30대,12999,21
2007,은평구,40대,19812,41
2007,은평구,50대,19376,4
2007,은평구,60대 이상,11289,50
2007,서대문구,10대,6144,20
2007,서대문구,20대,6908,5
2007,서대문구,30대,2243,24
2007,서대문구,40대,513,11
2007,서대문구,50대,5906,29
2007,서대문구,60대 이상,2905,19
2007,마포구,10대,12354,15
2007,마포구,20대,13286,7
2007,마포구,30대,15971,8
2007,마포구,40대,7094,44
2007,마포구,50대,1997,39
2007,마포구,60대 이상,6512,12
2007,양천구,10대,11073,32
2007,양천구,20대,17807,1
2007,양천구,30대,10219,43
2007,양천구,40대,15502,42
2007,양천구,50대,5411,5
2007,양천구,60대 이상,8453,2
2007,강서구,10대,12254,16
2007,강서구,20대,6208,21
2007,강서구,30대,11781,7
2007,강서구,40대,5907,31
2007,강서구,50대,19078,43
2007,강서구,60대 이상,859,3
2007,구로구,10대,8548,1
2007,구로구,20대,9533,23
2007,구로구,30대,1358,32
2007,구로구,40대,7180,14
2007,구로구,50대,19742,2
2007,구로구,60대 이상,7345,48
2007,금천구,10대,2204,12
2007,금천구,20대,17420,15
2007,금천구,30대,5914,21
2007,금천구,40대,4062,7
2007,금천구,50대,18538,11
2007,금천구,60대 이상,6577,7
2007,영등포구,10대,1750,44
2007,영등포구,20대,9691,2
2007,영등포구,30대,7491,11
2007,영등포구,40대,7300,22
2007,영등포구,50대,9034,33
2007,영등포구,60대 이상,4562,25
2007,동작구,10대,6167,29
2007,동작구,20대,8048,42
2007,동작구,30대,12763,36
2007,동작구,40대,15445,47
2007,동작구,50대,12581,24
2007,동작구,60대 이상,4433,6
2007,관악구,10대,14090,42
2007,관악구,20대,18901,21
2007,관악구,30대,8892,40
2007,관악구,40대,9122,47
2007,관악구,50대,14471,45
2007,관악구,60대 이상,18226,25
2007,서초구,10대,18615,1
2007,서초구,20대,1289,26
2007,서초구,30대,14823,34
2007,서초구,40대,12056,45
2007,서초구,50대,2550,27
2007,서초구,60대 이상,8193,48
2007,강남구,10대,16506,27
2007,강남구,20대,16514,18
2007,강남구,30대,13878,4
2007,강남구,40대,15887,20
2007,강남구,50대,6062,10
2007,강남구,60대 이상,9182,34
2007,송파구,10대,16038,34
2007,송파구,20대,13827,8
2007,송파구,30대,10054,25
2007,송파구,40대,15647,43
2007,송파구,50대,5321,21
2007,송파구,60대 이상,10694,39
2007,강동구,10대,15728,36
2007,강동구,20대,12606,25
2007,강동구,30대,17199,24
2007,강동구,40대,15240,15
2007,강동구,50대,16743,11
2007,강동구,60대 이상,17639,44
2008,종로구,10대,16819,10
2008,종로구,20대,13649,36
2008,종로구,30대,1288,24
2008,종로구,40대,10862,5
2008,종로구,50대,10526,17
2008,종로구,60대 이상,4541,20
2008,중구,10대,14641,24
2008,중구,20대,12477,17
2008,중구,30대,19116,47
2008,중구,40대,9634,18
2008,중구,50대,14798,18
2008,중구,60대 이상,741,41
2008,용산구,10대,5138,38
2008,용산구,20대,17772,18
2008,용산구,30대,2896,50
2008,용산구,40대,13850,29
2008,용산구,50대,15879,30
2008,용산구,60대 이상,14600,38
2008,성동구,10대,12290,20
2008,성동구,20대,3991,39
2008,성동구,30대,19484,4
2008,성동구,40대,9334,16
2008,성동구,50대,17221,35
2008,성동구,60대 이상,4396,34
2008,광진구,10대,11878,46
2008,광진구,20대,10725,12
2008,광진구,30대,9832,47
2008,광진구,40대,12895,13
2008,광진구,50대,15424,14
2008,광진구,60대 이상,16651,27
2008,동대문구,10대,3897,30
2008,동대문구,20대,9371,15
2008,동대문구,30대,17232,27
2008,동대문구,40대,14572,32
2008,동대문구,50대,17248,36
2008,동대문구,60대 이상,15917,28
2008,중랑구,10대,9101,32
2008,중랑구,20대,12938,23
2008,중랑구,30대,18418,2
2008,중랑구,40대,10821,14
2008,중랑구,50대,5394,35
2008,중랑구,60대 이상,17217,7
2008,성북구,10대,1159,30
2008,성북구,20대,12306,48
2008,성북구,30대,7108,43
2008,성북구,40대,12514,17
2008,성북구,50대,15852,32
2008,성북구,60대 이상,8375,29
2008,강북구,10대,10008,10
2008,강북구,20대,6923,36
2008,강북구,30대,9287,31
2008,강북구,40대,5951,26
2008,강북구,50대,18559,20
2008,강북구,60대 이상,4796,15
2008,도봉구,10대,11395,21
2008,도봉구,20대,10339,38
2008,도봉구,30대,2868,34
2008,도봉구,40대,16946,12
2008,도봉구,50대,17144,44
2008,도봉구,60대 이상,7575,13
2008,노원구,10대,8472,42
2008,노원구,20대,19374,21
2008,노원구,30대,12267,10
2008,노원구,40대,15558,23
2008,노원구,50대,5813,31
2008,노원구,60대 이상,13131,40
2008,은평구,10대,9394,23
2008,은평구,20대,4303,40
2008,은평구,30대,5425,47
2008,은평구,40대,9068,45
2008,은평구,50대,1584,16
2008,은평구,60대 이상,4566,32
2008,서대문구,10대,5471,44
2008,서대문구,20대,16537,32
2008,서대문구,30대,15589,26
2008,서대문구,40대,11363,2
2008,서대문구,50대,15110,8
2008,서대문구,60대 이상,15457,50
2008,마포구,10대,6752,45
2008,마포구,20대,4639,14
2008,마포구,30대,12715,18
2008,마포구,40대,7082,9
2008,마포구,50대,11373,21
2008,마포구,60대 이상,4496,49
2008,양천구,10대,1460,50
2008,양천구,20대,13806,10
2008,양천구,30대,11816,22
2008,양천구,40대,18285,8
2008,양천구,50대,13300,29
2008,양천구,60대 이상,9840,2
2008,강서구,10대,19083,25
2008,강서구,20대,5543,26
2008,강서구,30대,15300,19
2008,강서구,40대,13899,13
2008,강서구,50대,5772,33
2008,강서구,60대 이상,3002,10
2008,구로구,10대,17129,27
2008,구로구,20대,10944,26
2008,구로구,30대,6062,45
2008,구로구,40대,10261,41
2008,구로구,50대,14114,13
2008,구로구,60대 이상,16335,15
2008,금천구,10대,13703,27
2008,금천구,20대,16969,19
2008,금천구,30대,1644,20
2008,금천구,40대,9242,3
2008,금천구,50대,1584,33
2008,금천구,60대 이상,5300,37
2008,영등포구,10대,15146,13
2008,영등포구,20대,2147,34
2008,영등포구,30대,19645,24
2008,영등포구,40대,12477,42
2008,영등포구,50대,5819,4
2008,영등포구,60대 이상,5433,1
2008,동작구,10대,16913,7
2008,동작구,20대,18336,45
2008,동작구,30대,18795,25
2008,동작구,40대,6712,45
2008,동작구,50대,13073,12
2008,동작구,60대 이상,18992,3
2008,관악구,10대,18720,40
2008,관악구,20대,19827,24
2008,관악구,30대,6745,13
2008,관악구,40대,6447,26
2008,관악구,50대,11422,27
2008,관악구,60대 이상,18048,35
2008,서초구,10대,12306,43
2008,서초구,20대,4541,9
2008,서초구,30대,10368,25
2008,서초구,40대,6633,34
2008,서초구,50대,6680,18
2008,서초구,60대 이상,596,2
2008,강남구,10대,15133,4
2008,강남구,20대,662,31
2008,강남구,30대,2835,42
2008,강남구,40대,8256,5
2008,강남구,50대,4434,12
2008,강남구,60대 이상,8722,14
2008,송파구,10대,4737,27
2008,송파구,20대,2929,11
2008,송파구,30대,4665,48
2008,송파구,40대,8723,5
2008,송파구,50대,1278,48
2008,송파구,60대 이상,14278,33
2008,강동구,10대,10205,23
2008,강동구,20대,8714,30
2008,강동구,30대,12826,19
2008,강동구,40대,10331,50
2008,강동구,50대,13098,26
2008,강동구,60대 이상,19728,30
2009,종로구,10대,18217,22
2009,종로구,20대,9031,46
2009,종로구,30대,13884,1
2009,종로구,40대,2532,26
2009,종로구,50대,13780,50
2009,종로구,60대 이상,9885,2
2009,중구,10대,8983,33
2009,중구,20대,6186,39
2009,중구,30대,4954,25
2009,중구,40대,17172,27
2009,중구,50대,12175,50
2009,중구,60대 이상,17959,6
2009,용산구,10대,12959,26
2009,용산구,20대,2289,37
2009,용산구,30대,8574,34
2009,용산구,40대,3567,33
2009,용산구,50대,3850,46
2009,용산구,60대 이상,5739,13
2009,성동구,10대,10684,12
2009,성동구,20대,10032,15
2009,성동구,30대,1806,11
2009,성동구,40대,1238,15
2009,성동구,50대,10020,28
2009,성동구,60대 이상,4001,16
2009,광진구,10대,17883,31
2009,광진구,20대,6545,15
2009,광진구,30대,4469,26
2009,광진구,40대,10167,15
2009,광진구,50대,5687,50
2009,광진구,60대 이상,5441,32
2009,동대문구,10대,13837,7
2009,동대문구,20대,10746,50
2009,동대문구,30대,3856,39
2009,동대문구,40대,6667,8
2009,동대문구,50대,604,21
2009,동대문구,60대 이상,5831,15
2009,중랑구,10대,12691,36
2009,중랑구,20대,3711,44
2009,중랑구,30대,18997,20
2009,중랑구,40대,1071,44
2009,중랑구,50대,4090,8
2009,중랑구,60대 이상,13921,47
2009,성북구,10대,13053,18
2009,성북구,20대,9017,38
2009,성북구,30대,17150,8
2009,성북구,40대,18432,32
2009,성북구,50대,7404,18
2009,성북구,60대 이상,15922,3
2009,강북구,10대,6278,22
2009,강북구,20대,8364,49
2009,강북구,30대,17653,38
2009,강북구,40대,8630,21
2009,강북구,50대,10244,47
2009,강북구,60대 이상,6322,6
2009,도봉구,10대,17943,31
2009,도봉구,20대,15783,47
2009,도봉구,30대,711,21
2009,도봉구,40대,14198,18
2009,도봉구,50대,19777,22
2009,도봉구,60대 이상,17076,17
2009,노원구,10대,19091,50
2009,노원구,20대,17636,29
2009,노원구,30대,1875,20
2009,노원구,40대,17154,44
2009,노원구,50대,3294,25
2009,노원구,60대 이상,13240,26
2009,은평구,10대,14714,18
2009,은평구,20대,7548,37
2009,은평구,30대,7224,8
2009,은평구,40대,19176,21
2009,은평구,50대,17897,12
2009,은평구,60대 이상,8812,16
2009,서대문구,10대,15751,2
2009,서대문구,20대,7254,22
2009,서대문구,30대,4742,38
2009,서대문구,40대,5301,38
2009,서대문구,50대,10263,17
2009,서대문구,60대 이상,13089,15
2009,마포구,10대,16902,14
2009,마포구,20대,7662,28
2009,마포구,30대,8603,36
2009,마포구,40대,14998,27
2009,마포구,50대,1206,18
2009,마포구,60대 이상,14874,34
2009,양천구,10대,9286,26
2009,양천구,20대,5980,27
2009,양천구,30대,15489,27
2009,양천구,40대,10505,23
2009,양천구,50대,12053,5
2009,양천구,60대 이상,12744,13
2009,강서구,10대,19177,12
2009,강서구,20대,16026,49
2009,강서구,30대,19795,32
2009,강서구,40대,19668,40
2009,강서구,50대,17966,17
2009,강서구,60대 이상,4852,33
2009,구로구,10대,15862,23
2009,구로구,20대,10476,5
2009,구로구,30대,8587,35
2009,구로구,40대,14355,4
2009,구로구,50대,18637,29
2009,구로구,60대 이상,11172,30
2009,금천구,10대,16962,38
2009,금천구,20대,12970,8
2009,금천구,30대,9635,27
2009,금천구,40대,4555,50
2009,금천구,50대,8661,20
2009,금천구,60대 이상,13069,2
2009,영등포구,10대,11471,17
2009,영등포구,20대,14326,41
2009,영등포구,30대,11761,32
2009,영등포구,40대,14718,48
2009,영등포구,50대,6492,26
2009,영등포구,60대 이상,10196,49
2009,동작구,10대,13285,49
2009,동작구,20대,13002,9
2009,동작구,30대,14315,10
2009,동작구,40대,1956,6
2009,동작구,50대,19334,29
2009,동작구,60대 이상,4853,41
2009,관악구,10대,14084,19
2009,관악구,20대,7809,25
2009,관악구,30대,11053,45
2009,관악구,40대,14831,19
2009,관악구,50대,11412,21
2009,관악구,60대 이상,17714,36
2009,서초구,10대,17539,38
2009,서초구,20대,12416,3
2009,서초구,30대,10517,32
2009,서초구,40대,18694,30
2009,서초구,50대,18333,23
2009,서초구,60대 이상,16712,7
2009,강남구,10대,9382,23
2009,강남구,20대,13590,22
2009,강남구,30대,9093,32
2009,강남구,40대,12865,28
2009,강남구,50대,19977,18
2009,강남구,60대 이상,13043,26
2009,송파구,10대,11917,19
2009,송파구,20대,15433,24
2009,송파구,30대,17108,40
2009,송파구,40대,17571,26
2009,송파구,50대,14806,6
2009,송파구,60대 이상,4525,50
2009,강동구,10대,3932,45
2009,강동구,20대,4022,44
2009,강동구,30대,12646,34
2009,강동구,40대,1419,11
2009,강동구,50대,16083,19
2009,강동구,60대 이상,5392,26
2010,종로구,10대,12114,40
2010,종로구,20대,7586,34
2010,종로구,30대,19358,32
2010,종로구,40대,15491,39
2010,종로구,50대,8097,17
2010,종로구,60대 이상,6337,35
2010,중구,10대,4129,10
2010,중구,20대,13167,44
2010,중구,30대,7807,10
2010,중구,40대,11961,50
2010,중구,50대,15165,36
2010,중구,60대 이상,18135,16
2010,용산구,10대,2347,21
2010,용산구,20대,4324,33
2010,용산구,30대,19184,14
2010,용산구,40대,9018,43
2010,용산구,50대,5644,19
2010,용산구,60대 이상,1646,31
2010,성동구,10대,14563,43
2010,성동구,20대,8688,8
2010,성동구,30대,17708,17
2010,성동구,40대,1553,13
2010,성동구,50대,7325,19
2010,성동구,60대 이상,4051,29
2010,광진구,10대,8483,18
2010,광진구,20대,10329,11
2010,광진구,30대,11795,4
2010,광진구,40대,19867,36
2010,광진구,50대,16958,34
2010,광진구,60대 이상,3749,41
2010,동대문구,10대,11560,50
2010,동대문구,20대,18596,48
2010,동대문구,30대,8029,9
2010,동대문구,40대,19216,9
2010,동대문구,50대,10414,37
2010,동대문구,60대 이상,14800,6
2010,중랑구,10대,3879,22
2010,중랑구,20대,821,13
2010,중랑구,30대,18985,4
2010,중랑구,40대,11120,1
2010,중랑구,50대,13027,21
2010,중랑구,60대 이상,4768,2
2010,성북구,10대,12783,47
2010,성북구,20대,2658,21
2010,성북구,30대,8348,26
2010,성북구,40대,8314,40
2010,성북구,50대,2900,41
2010,성북구,60대 이상,8568,23
2010,강북구,10대,12604,46
2010,강북구,20대,5747,14
2010,강북구,30대,8382,39
2010,강북구,40대,8242,2
2010,강북구,50대,9782,22
2010,강북구,60대 이상,2394,31
2010,도봉구,10대,13388,37
2010,도봉구,20대,17862,43
2010,도봉구,30대,832,41
2010,도봉구,40대,4835,7
2010,도봉구,50대,10136,45
2010,도봉구,60대 이상,7605,35
2010,노원구,10대,2299,44
2010,노원구,20대,4110,28
2010,노원구,30대,5332,12
2010,노원구,40대,857,38
2010,노원구,50대,3234,18
2010,노원구,60대 이상,13406,8
2010,은평구,10대,12120,42
2010,은평구,20대,12088,38
2010,은평구,30대,18543,47
2010,은평구,40대,12541,31
2010,은평구,50대,8183,7
2010,은평구,60대 이상,19906,33
2010,서대문구,10대,10089,37
2010,서대문구,20대,16293,38
2010,서대문구,30대,16073,20
2010,서대문구,40대,1919,30
2010,서대문구,50대,9659,33
2010,서대문구,60대 이상,3517,16
2010,마포구,10대,6601,34
2010,마포구,20대,9808,29
2010,마포구,30대,7554,31
2010,마포구,40대,18265,21
2010,마포구,50대,755,39
2010,마포구,60대 이상,9512,15
2010,양천구,10대,11067,3
2010,양천구,20대,10674,33
2010,양천구,30대,11505,25
2010,양천구,40대,7151,16
2010,양천구,50대,1358,18
2010,양천구,60대 이상,5158,47
2010,강서구,10대,17708,23
2010,강서구,20대,6872,13
2010,강서구,30대,14427,12
2010,강서구,40대,4698,46
2010,강서구,50대,11140,10
2010,강서구,60대 이상,4099,13
2010,구로구,10대,9995,49
2010,구로구,20대,12586,30
2010,구로구,30대,1540,20
2010,구로구,40대,8530,28
2010,구로구,50대,12944,36
2010,구로구,60대 이상,15528,34
2010,금천구,10대,14900,38
2010,금천구,20대,3459,13
2010,금천구,30대,15994,34
2010,금천구,40대,14132,29
2010,금천구,50대,10225,17
2010,금천구,60대 이상,13115,29
2010,영등포구,10대,3573,37
2010,영등포구,20대,15155,10
2010,영등포구,30대,9470,2
2010,영등포구,40대,9196,8
2010,영등포구,50대,10615,37
2010,영등포구,60대 이상,2186,48
2010,동작구,10대,14589,21
2010,동작구,20대,5666,50
2010,동작구,30대,9968,2
2010,동작구,40대,18129,46
2010,동작구,50대,11364,49
2010,동작구,60대 이상,16499,45
2010,관악구,10대,10951,18
2010,관악구,20대,5910,5
2010,관악구,30대,15607,8
2010,관악구,40대,4052,48
2010,관악구,50대,13709,15
2010,관악구,60대 이상,16727,47
2010,서초구,10대,17264,17
2010,서초구,20대,11967,18
2010,서초구,30대,6580,2
2010,서초구,40대,13797,41
2010,서초구,50대,18464,13
2010,서초구,60대 이상,19745,39
2010,강남구,10대,3337,47
2010,강남구,20대,784,31
2010,강남구,30대,2244,11
2010,강남구,40대,5388,11
2010,강남구,50대,12195,38
2010,강남구,60대 이상,3639,10
2010,송파구,10대,9703,25
2010,송파구,20대,817,36
2010,송파구,30대,9801,22
2010,송파구,40대,10888,24
2010,송파구,50대,10789,39
2010,송파구,60대 이상,850,14
2010,강동구,10대,13181,32
2010,강동구,20대,1895,32
2010,강동구,30대,3048,5
2010,강동구,40대,16484,2
2010,강동구,50대,2298,13
2010,강동구,60대 이상,15805,30
2011,종로구,10대,11373,46
2011,종로구,20대,8906,22
2011,종로구,30대,13014,26
2011,종로구,40대,8750,44
2011,종로구,50대,19358,25
2011,종로구,60대 이상,14545,35
2011,중구,10대,8760,27
2011,중구,20대,10310,17
2011,중구,30대,11212,7
2011,중구,40대,4804,21
2011,중구,50대,15350,29
2011,중구,60대 이상,2968,26
2011,용산구,10대,7028,17
2011,용산구,20대,6136,46
2011,용산구,30대,13338,45
2011,용산구,40대,1880,6
2011,용산구,50대,19327,49
2011,용산구,60대 이상,6619,30
2011,성동구,10대,18390,21
2011,성동구,20대,9521,37
2011,성동구,30대,1567,36
2011,성동구,40대,17835,1
2011,성동구,50대,16991,23
2011,성동구,60대 이상,9467,17
2011,광진구,10대,4688,7
2011,광진구,20대,3730,27
2011,광진구,30대,2005,6
2011,광진구,40대,4025,32
2011,광진구,50대,4552,40
2011,광진구,60대 이상,19988,15
2011,동대문구,10대,8658,11
2011,동대문구,20대,12462,46
2011,동대문구,30대,8206,19
2011,동대문구,40대,3342,48
2011,동대문구,50대,17338,5
2011,동대문구,60대 이상,8989,13
2011,중랑구,10대,2512,26
2011,중랑구,20대,13484,2
2011,중랑구,30대,6998,44
2011,중랑구,40대,13516,29
2011,중랑구,50대,6851,1
2011,중랑구,60대 이상,15071,3
2011,성북구,10대,3447,23
2011,성북구,20대,19191,49
2011,성북구,30대,13499,7
2011,성북구,40대,17864,34
2011,성북구,50대,7131,9
2011,성북구,60대 이상,14407,25
2011,강북구,10대,12700,16
2011,강북구,20대,3945,26
2011,강북구,30대,15452,7
2011,강북구,40대,6541,38
2011,강북구,50대,5137,7
2011,강북구,60대 이상,12829,24
2011,도봉구,10대,16048,4
2011,도봉구,20대,4018,29
2011,도봉구,30대,18770,35
2011,도봉구,40대,13581,31
2011,도봉구,50대,17091,24
2011,도봉구,60대 이상,5694,3
2011,노원구,10대,13061,13
2011,노원구,20대,14028,10
2011,노원구,30대,12986,29
2011,노원구,40대,3720,9
2011,노원구,50대,17612,43
2011,노원구,60대 이상,19612,42
2011,은평구,10대,1842,47
2011,은평구,20대,14608,20
2011,은평구,30대,9520,50
2011,은평구,40대,14707,44
2011,은평구,50대,14767,30
2011,은평구,60대 이상,5962,39
2011,서대문구,10대,9706,34
2011,서대문구,20대,2128,10
2011,서대문구,30대,19295,40
2011,서대문구,40대,2639,45
2011,서대문구,50대,2562,41
2011,서대문구,60대 이상,5729,35
2011,마포구,10대,11588,10
2011,마포구,20대,17666,24
2011,마포구,30대,6881,27
2011,마포구,40대,14677,18
2011,마포구,50대,6129,21
2011,마포구,60대 이상,4598,9
2011,양천구,10대,19805,48
2011,양천구,20대,3250,15
2011,양천구,30대,2805,20
2011,양천구,40대,1288,46
2011,양천구,50대,12846,28
2011,양천구,60대 이상,14523,21
2011,강서구,10대,3335,18
2011,강서구,20대,9748,27
2011,강서구,30대,10512,39
2011,강서구,40대,2778,9
2011,강서구,50대,6364,12
2011,강서구,60대 이상,3497,40
2011,구로구,10대,4922,28
2011,구로구,20대,14657,50
2011,구로구,30대,17573,4
2011,구로구,40대,15528,21
2011,구로구,50대,17025,40
2011,구로구,60대 이상,7858,33
2011,금천구,10대,5131,49
2011,금천구,20대,1033,24
2011,금천구,30대,4660,37
2011,금천구,40대,19693,10
2011,금천구,50대,2502,2
2011,금천구,60대 이상,2417,23
2011,영등포구,10대,9337,42
2011,영등포구,20대,2592,37
2011,영등포구,30대,11605,9
2011,영등포구,40대,7341,43
2011,영등포구,50대,15368,3
2011,영등포구,60대 이상,3134,33
2011,동작구,10대,9858,24
2011,동작구,20대,18603,19
2011,동작구,30대,16712,11
2011,동작구,40대,19461,45
2011,동작구,50대,8363,28
2011,동작구,60대 이상,736,30
2011,관악구,10대,11743,35
2011,관악구,20대,18659,35
2011,관악구,30대,14654,34
2011,관악구,40대,6941,8
2011,관악구,50대,5733,25
2011,관악구,60대 이상,12224,22
2011,서초구,10대,17718,18
2011,서초구,20대,16245,30
2011,서초구,30대,19357,2
2011,서초구,40대,2858,5
2011,서초구,50대,3565,23
2011,서초구,60대 이상,7285,45
2011,강남구,10대,1677,5
2011,강남구,20대,15391,37
2011,강남구,30대,13148,45
2011,강남구,40대,16824,21
2011,강남구,50대,1490,44
2011,강남구,60대 이상,3251,7
2011,송파구,10대,14962,17
2011,송파구,20대,12440,39
2011,송파구,30대,18589,10
2011,송파구,40대,5734,25
2011,송파구,50대,12611,28
2011,송파구,60대 이상,16098,8
2011,강동구,10대,11794,6
2011,강동구,20대,13961,1
2011,강동구,30대,5469,17
2011,강동구,40대,4958,22
2011,강동구,50대,4544,5
2011,강동구,60대 이상,13689,28
2012,종로구,10대,10610,13
2012,종로구,20대,12060,21
2012,종로구,30대,9715,27
2012,종로구,40대,5521,46
2012,종로구,50대,12967,30
2012,종로구,60대 이상,19310,27
2012,중구,10대,7329,15
2012,중구,20대,5623,4
2012,중구,30대,10104,34
2012,중구,40대,4164,22
2012,중구,50대,12776,49
2012,중구,60대 이상,2625,9
2012,용산구,10대,18986,2
2012,용산구,20대,3641,26
2012,용산구,30대,1611,27
2012,용산구,40대,6870,43
2012,용산구,50대,16282,31
2012,용산구,60대 이상,11826,45
2012,성동구,10대,16431,33
2012,성동구,20대,13791,42
2012,성동구,30대,1296,35
2012,성동구,40대,15339,40
2012,성동구,50대,4769,38
2012,성동구,60대 이상,15011,42
2012,광진구,10대,17060,48
2012,광진구,20대,4571,48
2012,광진구,30대,10512,27
2012,광진구,40대,4123,44
2012,광진구,50대,9120,7
2012,광진구,60대 이상,6808,47
2012,동대문구,10대,14670,38
2012,동대문구,20대,12021,38
2012,동대문구,30대,15979,36
2012,동대문구,40대,18441,3
2012,동대문구,50대,18130,8
2012,동대문구,60대 이상,14957,12
2012,중랑구,10대,17405,28
2012,중랑구,20대,16471,5
2012,중랑구,30대,8701,2
2012,중랑구,40대,5907,26
2012,중랑구,50대,6467,6
2012,중랑구,60대 이상,5822,32
2012,성북구,10대,15522,10
2012,성북구,20대,3234,1
2012,성북구,30대,5154,1
2012,성북구,40대,9961,17
2012,성북구,50대,3593,40
2012,성북구,60대 이상,16429,8
2012,강북구,10대,8557,29
2012,강북구,20대,17786,7
2012,강북구,30대,9367,43
2012,강북구,40대,10993,24
2012,강북구,50대,3425,35
2012,강북구,60대 이상,2395,7
2012,도봉구,10대,13715,43
2012,도봉구,20대,2700,35
2012,도봉구,30대,4278,20
2012,도봉구,40대,3998,34
2012,도봉구,50대,4673,38
2012,도봉구,60대 이상,11772,3
2012,노원구,10대,8106,37
2012,노원구,20대,14464,46
2012,노원구,30대,7466,10
2012,노원구,40대,2052,33
2012,노원구,50대,9022,44
2012,노원구,60대 이상,9926,7
2012,은평구,10대,15078,9
2012,은평구,20대,2246,38
2012,은평구,30대,9469,1
2012,은평구,40대,17305,32
2012,은평구,50대,9107,16
2012,은평구,60대 이상,19763,6
2012,서대문구,10대,13851,13
2012,서대문구,20대,5425,24
2012,서대문구,30대,15779,14
2012,서대문구,40대,17280,20
2012,서대문구,50대,12315,14
2012,서대문구,60대 이상,4948,35
2012,마포구,10대,7825,35
2012,마포구,20대,19581,5
2012,마포구,30대,13322,9
2012,마포구,40대,16889,6
2012,마포구,50대,12674,21
2012,마포구,60대 이상,15877,33
2012,양천구,10대,6390,35
2012,양천구,20대,12088,11
2012,양천구,30대,18753,19
2012,양천구,40대,15161,7
2012,양천구,50대,17166,38
2012,양천구,60대 이상,18825,31
2012,강서구,10대,14853,23
2012,강서구,20대,9250,43
2012,강서구,30대,7617,33
2012,강서구,40대,4675,3
2012,강서구,50대,1196,39
2012,강서구,60대 이상,12833,34
2012,구로구,10대,7812,43
2012,구로구,20대,7493,14
2012,구로구,30대,7879,5
2012,구로구,40대,2263,44
2012,구로구,50대,10185,8
2012,구로구,60대 이상,14449,2
2012,금천구,10대,1523,47
2012,금천구,20대,13153,7
2012,금천구,30대,10361,13
2012,금천구,40대,3182,33
2012,금천구,50대,17922,44
2012,금천구,60대 이상,19066,35
2012,영등포구,10대,7785,4
2012,영등포구,20대,13378,32
2012,영등포구,30대,2665,26
2012,영등포구,40대,10357,40
2012,영등포구,50대,9402,45
2012,영등포구,60대 이상,16649,17
2012,동작구,10대,8009,27
2012,동작구,20대,720,19
2012,동작구,30대,17469,44
2012,동작구,40대,13064,50
2012,동작구,50대,3754,22
2012,동작구,60대 이상,9297,19
2012,관악구,10대,10881,9
2012,관악구,20대,8761,8
2012,관악구,30대,4786,29
2012,관악구,40대,18526,2
2012,관악구,50대,6486,47
2012,관악구,60대 이상,3867,10
2012,서초구,10대,12721,6
2012,서초구,20대,4559,13
2012,서초구,30대,19336,10
2012,서초구,40대,4618,35
2012,서초구,50대,12147,2
2012,서초구,60대 이상,13377,47
2012,강남구,10대,1748,33
2012,강남구,20대,15447,38
2012,강남구,30대,5442,44
2012,강남구,40대,17793,26
2012,강남구,50대,15045,13
2012,강남구,60대 이상,7827,13
2012,송파구,10대,6391,10
2012,송파구,20대,4423,17
2012,송파구,30대,6174,13
2012,송파구,40대,586,40
2012,송파구,50대,18138,11
2012,송파구,60대 이상,12496,2
2012,강동구,10대,13764,37
2012,강동구,20대,1265,4
2012,강동구,30대,1877,10
2012,강동구,40대,6775,16
2012,강동구,50대,7237,13
2012,강동구,60대 이상,7483,36
2013,종로구,10대,8145,33
2013,종로구,20대,13023,37
2013,종로구,30대,7816,32
2013,종로구,40대,19488,6
2013,종로구,50대,4052,13
2013,종로구,60대 이상,9584,41
2013,중구,10대,5412,22
2013,중구,20대,2144,11
2013,중구,30대,7337,33
2013,중구,40대,15627,34
2013,중구,50대,18541,44
2013,중구,60대 이상,15580,40
2013,용산구,10대,16562,33
2013,용산구,20대,3798,13
2013,용산구,30대,15148,21
2013,용산구,40대,6218,3
2013,용산구,50대,5582,50
2013,용산구,60대 이상,19471,20
2013,성동구,10대,16546,24
2013,성동구,20대,13215,28
2013,성동구,30대,15739,28
2013,성동구,40대,15802,30
2013,성동구,50대,6538,11
2013,성동구,60대 이상,17618,15
2013,광진구,10대,6863,10
2013,광진구,20대,8444,42
2013,광진구,30대,13556,42
2013,광진구,40대,10930,34
2013,광진구,50대,1326,19
2013,광진구,60대 이상,17809,26
2013,동대문구,10대,4455,43
2013,동대문구,20대,4515,46
2013,동대문구,30대,9812,43
2013,동대문구,40대,10255,3
2013,동대문구,50대,15856,43
2013,동대문구,60대 이상,15784,35
2013,중랑구,10대,2180,14
2013,중랑구,20대,7320,6
2013,중랑구,30대,4780,14
2013,중랑구,40대,11569,17
2013,중랑구,50대,2516,23
2013,중랑구,60대 이상,9728,14
2013,성북구,10대,15306,50
2013,성북구,20대,15645,8
2013,성북구,30대,19159,38
2013,성북구,40대,14820,19
2013,성북구,50대,8438,48
2013,성북구,60대 이상,1633,6
2013,강북구,10대,5671,13
2013,강북구,20대,8536,18
2013,강북구,30대,5637,26
2013,강북구,40대,14763,43
2013,강북구,50대,6421,3
2013,강북구,60대 이상,4305,7
2013,도봉구,10대,1418,8
2013,도봉구,20대,2815,47
2013,도봉구,30대,17591,41
2013,도봉구,40대,3709,31
2013,도봉구,50대,4367,31
2013,도봉구,60대 이상,2057,43
2013,노원구,10대,18529,44
2013,노원구,20대,15606,32
2013,노원구,30대,3447,22
2013,노원구,40대,12097,19
2013,노원구,50대,11364,40
2013,노원구,60대 이상,12878,45
2013,은평구,10대,2862,4
2013,은평구,20대,15369,48
2013,은평구,30대,4697,14
2013,은평구,40대,18039,37
2013,은평구,50대,18637,40
2013,은평구,60대 이상,2634,19
2013,서대문구,10대,4753,22
2013,서대문구,20대,17711,37
2013,서대문구,30대,18280,8
2013,서대문구,40대,15389,45
2013,서대문구,50대,17613,49
2013,서대문구,60대 이상,3687,43
2013,마포구,10대,11355,12
2013,마포구,20대,8288,33
2013,마포구,30대,12568,11
2013,마포구,40대,7028,37
2013,마포구,50대,9254,36
2013,마포구,60대 이상,1940,11
2013,양천구,10대,5551,14
2013,양천구,20대,11954,37
2013,양천구,30대,15462,3
2013,양천구,40대,6692,7
2013,양천구,50대,8627,10
2013,양천구,60대 이상,3658,6
2013,강서구,10대,3621,31
2013,강서구,20대,18613,4
2013,강서구,30대,7000,25
2013,강서구,40대,7117,26
2013,강서구,50대,4572,39
2013,강서구,60대 이상,17587,22
2013,구로구,10대,18986,20
2013,구로구,20대,9046,13
2013,구로구,30대,6468,38
2013,구로구,40대,1930,41
2013,구로구,50대,11125,50
2013,구로구,60대 이상,19195,8
2013,금천구,10대,7324,11
2013,금천구,20대,14040,18
2013,금천구,30대,12667,40
2013,금천구,40대,18332,37
2013,금천구,50대,14501,3
2013,금천구,60대 이상,2102,50
2013,영등포구,10대,19699,3
2013,영등포구,20대,18822,49
2013,영등포구,30대,2073,45
2013,영등포구,40대,4613,47
2013,영등포구,50대,15763,30
2013,영등포구,60대 이상,13250,30
2013,동작구,10대,19863,17
2013,동작구,20대,8876,22
2013,동작구,30대,2155,17
2013,동작구,40대,7748,3
2013,동작구,50대,2223,28
2013,동작구,60대 이상,15876,33
2013,관악구,10대,6406,26
2013,관악구,20대,14465,40
2013,관악구,30대,9273,12
2013,관악구,40대,5406,11
2013,관악구,50대,7416,46
2013,관악구,60대 이상,18542,15
2013,서초구,10대,11934,25
2013,서초구,20대,952,33
2013,서초구,30대,19249,18
2013,서초구,40대,11839,33
2013,서초구,50대,4747,24
2013,서초구,60대 이상,8461,39
2013,강남구,10대,5568,36
2013,강남구,20대,15005,7
2013,강남구,30대,18474,3
2013,강남구,40대,10133,48
2013,강남구,50대,17111,10
2013,강남구,60대 이상,1724,38
2013,송파구,10대,1935,18
2013,송파구,20대,5123,49
2013,송파구,30대,17603,43
2013,송파구,40대,3313,23
2013,송파구,50대,2515,44
2013,송파구,60대 이상,17593,34
2013,강동구,10대,19532,29
2013,강동구,20대,13651,12
2013,강동구,30대,6659,11
2013,강동구,40대,13493,36
2013,강동구,50대,18073,30
2013,강동구,60대 이상,19693,5
2014,종로구,10대,6336,12
2014,종로구,20대,1771,5
2014,종로구,30대,14873,1
2014,종로구,40대,900,23
2014,종로구,50대,4505,29
2014,종로구,60대 이상,9138,27
2014,중구,10대,13785,7
2014,중구,20대,14732,28
2014,중구,30대,3961,10
2014,중구,40대,19610,2
2014,중구,50대,2594,38
2014,중구,60대 이상,10456,38
2014,용산구,10대,12902,12
2014,용산구,20대,9684,18
2014,용산구,30대,11970,40
2014,용산구,40대,5870,33
2014,용산구,50대,8106,3
2014,용산구,60대 이상,613,13
2014,성동구,10대,10715,7
2014,성동구,20대,18370,36
2014,성동구,30대,15977,14
2014,성동구,40대,18796,36
2014,성동구,50대,2407,5
2014,성동구,60대 이상,16332,15
2014,광진구,10대,8417,33
2014,광진구,20대,7852,35
2014,광진구,30대,8361,43
2014,광진구,40대,2875,12
2014,광진구,50대,8667,18
2014,광진구,60대 이상,13138,37
2014,동대문구,10대,2316,21
2014,동대문구,20대,7477,23
2014,동대문구,30대,16889,19
2014,동대문구,40대,6028,23
2014,동대문구,50대,15419,41
2014,동대문구,60대 이상,12654,38
2014,중랑구,10대,9582,30
2014,중랑구,20대,12119,19
2014,중랑구,30대,9512,3
2014,중랑구,40대,15971,40
2014,중랑구,50대,5702,26
2014,중랑구,60대 이상,625,37
2014,성북구,10대,4414,44
2014,성북구,20대,10408,47
2014,성북구,30대,11786,12
2014,성북구,40대,4299,48
2014,성북구,50대,7634,16
2014,성북구,60대 이상,14799,11
2014,강북구,10대,11581,29
2014,강북구,20대,5964,7
2014,강북구,30대,11193,20
2014,강북구,40대,2077,34
2014,강북구,50대,17175,47
2014,강북구,60대 이상,17652,8
2014,도봉구,10대,10954,4
2014,도봉구,20대,14184,20
2014,도봉구,30대,19007,21
2014,도봉구,40대,17979,43
2014,도봉구,50대,19241,18
2014,도봉구,60대 이상,4877,16
2014,노원구,10대,16038,15
2014,노원구,20대,12587,16
2014,노원구,30대,10043,17
2014,노원구,40대,18123,44
2014,노원구,50대,6711,29
2014,노원구,60대 이상,18203,29
2014,은평구,10대,6674,39
2014,은평구,20대,4320,44
2014,은평구,30대,2502,46
2014,은평구,40대,792,28
2014,은평구,50대,16655,21
2014,은평구,60대 이상,10082,33
2014,서대문구,10대,10512,30
2014,서대문구,20대,11966,27
2014,서대문구,30대,14744,12
2014,서대문구,40대,4033,45
2014,서대문구,50대,19764,44
2014,서대문구,60대 이상,9321,28
2014,마포구,10대,17751,26
2014,마포구,20대,4817,32
2014,마포구,30대,6997,7
2014,마포구,40대,8673,34
2014,마포구,50대,13391,46
2014,마포구,60대 이상,5322,4
2014,양천구,10대,8532,31
2014,양천구,20대,18895,45
2014,양천구,30대,18180,29
2014,양천구,40대,15901,45
2014,양천구,50대,9853,26
2014,양천구,60대 이상,12182,15
2014,강서구,10대,8612,22
2014,강서구,20대,993,21
2014,강서구,30대,19693,13
2014,강서구,40대,7284,28
2014,강서구,50대,2157,25
2014,강서구,60대 이상,12441,28
2014,구로구,10대,8221,38
2014,구로구,20대,15194,37
2014,구로구,30대,5041,42
2014,구로구,40대,11649,11
2014,구로구,50대,1602,11
2014,구로구,60대 이상,5596,21
2014,금천구,10대,11633,43
2014,금천구,20대,17695,40
2014,금천구,30대,3441,48
2014,금천구,40대,3648,41
2014,금천구,50대,14777,14
2014,금천구,60대 이상,16013,18
2014,영등포구,10대,9023,1
2014,영등포구,20대,11143,38
2014,영등포구,30대,14880,35
2014,영등포구,40대,8508,33
2014,영등포구,50대,9454,11
2014,영등포구,60대 이상,19747,37
2014,동작구,10대,16208,8
2014,동작구,20대,2129,6
2014,동작구,30대,16784,22
2014,동작구,40대,12295,19
2014,동작구,50대,8385,12
2014,동작구,60대 이상,10470,39
2014,관악구,10대,2343,44
2014,관악구,20대,11472,42
2014,관악구,30대,12620,20
2014,관악구,40대,18100,12
2014,관악구,50대,8180,10
2014,관악구,60대 이상,15530,43
2014,서초구,10대,13345,5
2014,서초구,20대,9668,37
2014,서초구,30대,3559,21
2014,서초구,40대,14940,20
2014,서초구,50대,4985,27
2014,서초구,60대 이상,18031,11
2014,강남구,10대,587,37
2014,강남구,20대,15420,8
2014,강남구,30대,8051,35
2014,강남구,40대,9353,34
2014,강남구,50대,9835,28
2014,강남구,60대 이상,11639,17
2014,송파구,10대,3452,12
2014,송파구,20대,16972,9
2014,송파구,30대,12739,24
2014,송파구,40대,2434,2
2014,송파구,50대,9549,1
2014,송파구,60대 이상,14557,11
2014,강동구,10대,9867,21
2014,강동구,20대,2662,42
2014,강동구,30대,6313,7
2014,강동구,40대,7957,6
2014,강동구,50대,10331,34
2014,강동구,60대 이상,11104,4
2015,종로구,10대,9491,8
2015,종로구,20대,11129,42
2015,종로구,30대,18840,37
2015,종로구,40대,628,24
2015,종로구,50대,17794,48
2015,종로구,60대 이상,7848,27
2015,중구,10대,8894,41
2015,중구,20대,9567,18
2015,중구,30대,8163,34
2015,중구,40대,18181,49
2015,중구,50대,3897,18
2015,중구,60대 이상,1716,29
2015,용산구,10대,15279,33
2015,용산구,20대,5567,50
2015,용산구,30대,5588,24
2015,용산구,40대,10939,7
2015,용산구,50대,16659,16
2015,용산구,60대 이상,12091,17
2015,성동구,10대,7626,2
2015,성동구,20대,19815,23
2015,성동구,30대,4601,40
2015,성동구,40대,12462,37
2015,성동구,50대,7830,50
2015,성동구,60대 이상,16361,9
2015,광진구,10대,16666,8
2015,광진구,20대,10054,48
2015,광진구,30대,8369,23
2015,광진구,40대,12606,24
2015,광진구,50대,13247,5
2015,광진구,60대 이상,724,8
2015,동대문구,10대,12951,3
2015,동대문구,20대,13284,36
2015,동대문구,30대,14482,46
2015,동대문구,40대,10816,40
2015,동대문구,50대,1196,36
2015,동대문구,60대 이상,18080,13
2015,중랑구,10대,12251,34
2015,중랑구,20대,1460,5
2015,중랑구,30대,13732,29
2015,중랑구,40대,15664,7
2015,중랑구,50대,16758,26
2015,중랑구,60대 이상,2407,16
2015,성북구,10대,1691,25
2015,성북구,20대,6931,11
2015,성북구,30대,1894,1
2015,성북구,40대,7996,43
2015,성북구,50대,7940,30
2015,성북구,60대 이상,2009,6
2015,강북구,10대,19615,2
2015,강북구,20대,14338,11
2015,강북구,30대,18948,24
2015,강북구,40대,10169,25
2015,강북구,50대,11775,32
2015,강북구,60대 이상,2124,5
2015,도봉구,10대,14669,6
2015,도봉구,20대,11484,31
2015,도봉구,30대,16955,9
2015,도봉구,40대,3562,23
2015,도봉구,50대,15581,2
2015,도봉구,60대 이상,6477,11
2015,노원구,10대,8728,43
2015,노원구,20대,6003,37
2015,노원구,30대,7700,30
2015,노원구,40대,9713,27
2015,노원구,50대,7539,2
2015,노원구,60대 이상,10220,1
2015,은평구,10대,2063,38
2015,은평구,20대,11269,36
2015,은평구,30대,773,9
2015,은평구,40대,14561,39
2015,은평구,50대,4772,39
2015,은평구,60대 이상,17650,2
2015,서대문구,10대,12504,2
2015,서대문구,20대,2856,42
2015,서대문구,30대,3821,27
2015,서대문구,40대,18277,20
2015,서대문구,50대,19484,2
2015,서대문구,60대 이상,2920,44
2015,마포구,10대,15051,21
2015,마포구,20대,18477,12
2015,마포구,30대,1816,20
2015,마포구,40대,13767,19
2015,마포구,50대,16004,47
2015,마포구,60대 이상,10533,5
2015,양천구,10대,11556,22
2015,양천구,20대,12680,10
2015,양천구,30대,15434,22
2015,양천구,40대,3379,50
2015,양천구,50대,12480,32
2015,양천구,60대 이상,7966,26
2015,강서구,10대,5504,6
2015,강서구,20대,2970,34
2015,강서구,30대,16616,6
2015,강서구,40대,11012,9
2015,강서구,50대,14124,1
2015,강서구,60대 이상,18178,36
2015,구로구,10대,13972,47
2015,구로구,20대,11469,36
2015,구로구,30대,17414,8
2015,구로구,40대,3419,10
2015,구로구,50대,17764,50
2015,구로구,60대 이상,13219,12
2015,금천구,10대,10987,44
2015,금천구,20대,10895,48
2015,금천구,30대,2092,42
2015,금천구,40대,6094,44
2015,금천구,50대,16729,37
2015,금천구,60대 이상,18653,17
2015,영등포구,10대,15584,30
2015,영등포구,20대,803,3
2015,영등포구,30대,6741,49
2015,영등포구,40대,1009,39
2015,영등포구,50대,4862,47
2015,영등포구,60대 이상,9967,14
2015,동작구,10대,13695,1
2015,동작구,20대,3349,15
2015,동작구,30대,3712,8
2015,동작구,40대,15184,9
2015,동작구,50대,10672,26
2015,동작구,60대 이상,9304,22
2015,관악구,10대,9775,16
2015,관악구,20대,9036,48
2015,관악구,30대,11776,30
2015,관악구,40대,2317,44
2015,관악구,50대,13084,18
2015,관악구,60대 이상,2769,15
2015,서초구,10대,13816,16
2015,서초구,20대,16705,25
2015,서초구,30대,6836,30
2015,서초구,40대,14906,13
2015,서초구,50대,12543,7
2015,서초구,60대 이상,13354,6
2015,강남구,10대,9756,13
2015,강남구,20대,2405,9
2015,강남구,30대,10098,49
2015,강남구,40대,5285,1
2015,강남구,50대,17402,36
2015,강남구,60대 이상,15727,2
2015,송파구,10대,8346,7
2015,송파구,20대,2081,41
2015,송파구,30대,19091,38
2015,송파구,40대,13654,32
2015,송파구,50대,11211,23
2015,송파구,60대 이상,19266,18
2015,강동구,10대,6573,21
2015,강동구,20대,7904,21
2015,강동구,30대,2430,50
2015,강동구,40대,15213,14
2015,강동구,50대,888,21
2015,강동구,60대 이상,5523,45
2016,종로구,10대,6967,18
2016,종로구,20대,14968,45
2016,종로구,30대,13628,8
2016,종로구,40대,14516,17
2016,종로구,50대,19576,37
2016,종로구,60대 이상,14612,10
2016,중구,10대,18126,22
2016,중구,20대,5486,23
2016,중구,30대,15885,46
2016,중구,40대,2033,34
2016,중구,50대,6609,4
2016,중구,60대 이상,12295,4
2016,용산구,10대,12899,30
2016,용산구,20대,19936,21
2016,용산구,30대,6039,39
2016,용산구,40대,685,31
2016,용산구,50대,2235,7
2016,용산구,60대 이상,13385,38
2016,성동구,10대,3727,3
2016,성동구,20대,2643,17
2016,성동구,30대,13099,50
2016,성동구,40대,11465,10
2016,성동구,50대,6053,11
2016,성동구,60대 이상,8029,33
2016,광진구,10대,3590,31
2016,광진구,20대,8597,22
2016,광진구,30대,7744,47
2016,광진구,40대,1376,32
2016,광진구,50대,7204,33
2016,광진구,60대 이상,3966,26
2016,동대문구,10대,7342,19
2016,동대문구,20대,9565,44
2016,동대문구,30대,10667,45
2016,동대문구,40대,8280,21
2016,동대문구,50대,12155,24
2016,동대문구,60대 이상,3506,36
2016,중랑구,10대,14887,37
2016,중랑구,20대,5148,6
2016,중랑구,30대,16919,38
2016,중랑구,40대,19095,1
2016,중랑구,50대,10657,36
2016,중랑구,60대 이상,14449,22
2016,성북구,10대,13208,12
2016,성북구,20대,8522,30
2016,성북구,30대,7521,22
2016,성북구,40대,14006,33
2016,성북구,50대,10828,20
2016,성북구,60대 이상,2264,9
2016,강북구,10대,9560,12
2016,강북구,20대,19456,27
2016,강북구,30대,16150,22
2016,강북구,40대,19542,35
2016,강북구,50대,1680,26
2016,강북구,60대 이상,8521,2
2016,도봉구,10대,14097,44
2016,도봉구,20대,15563,9
2016,도봉구,30대,18990,2
2016,도봉구,40대,5563,16
2016,도봉구,50대,10888,25
2016,도봉구,60대 이상,10717,18
2016,노원구,10대,1952,45
2016,노원구,20대,3674,14
2016,노원구,30대,19170,49
2016,노원구,40대,652,37
2016,노원구,50대,4648,9
2016,노원구,60대 이상,12452,50
2016,은평구,10대,14842,50
2016,은평구,20대,6715,26
2016,은평구,30대,9771,29
2016,은평구,40대,5996,12
2016,은평구,50대,15902,24
2016,은평구,60대 이상,5812,16
2016,서대문구,10대,15961,45
2016,서대문구,20대,13023,19
2016,서대문구,30대,15059,10
2016,서대문구,40대,12821,18
2016,서대문구,50대,18932,32
2016,서대문구,60대 이상,1641,35
2016,마포구,10대,9126,46
2016,마포구,20대,16801,45
2016,마포구,30대,6536,13
2016,마포구,40대,3461,43
2016,마포구,50대,3575,31
2016,마포구,60대 이상,8047,2
2016,양천구,10대,11449,38
2016,양천구,20대,3694,18
2016,양천구,30대,2241,11
2016,양천구,40대,15687,2
2016,양천구,50대,17227,47
2016,양천구,60대 이상,11492,27
2016,강서구,10대,12878,33
2016,강서구,20대,19812,44
2016,강서구,30대,5473,5
2016,강서구,40대,14062,12
2016,강서구,50대,7447,22
2016,강서구,60대 이상,6675,14
2016,구로구,10대,19028,12
2016,구로구,20대,3350,14
2016,구로구,30대,16088,29
2016,구로구,40대,19042,21
2016,구로구,50대,16073,40
2016,구로구,60대 이상,1904,43
2016,금천구,10대,1587,35
2016,금천구,20대,2415,2
2016,금천구,30대,14661,35
2016,금천구,40대,11933,18
2016,금천구,50대,11504,25
2016,금천구,60대 이상,17170,29
2016,영등포구,10대,16427,6
2016,영등포구,20대,14972,30
2016,영등포구,30대,8363,14
2016,영등포구,40대,11648,37
2016,영등포구,50대,17528,22
2016,영등포구,60대 이상,3424,37
2016,동작구,10대,7516,3
2016,동작구,20대,16302,27
2016,동작구,30대,2212,14
2016,동작구,40대,12059,25
2016,동작구,50대,9483,15
2016,동작구,60대 이상,2304,4
2016,관악구,10대,5121,5
2016,관악구,20대,10196,22
2016,관악구,30대,7465,20
2016,관악구,40대,1362,7
2016,관악구,50대,15375,20
2016,관악구,60대 이상,5026,2
2016,서초구,10대,11568,44
2016,서초구,20대,17357,48
2016,서초구,30대,3326,2
2016,서초구,40대,9557,10
2016,서초구,50대,1697,24
2016,서초구,60대 이상,14386,19
2016,강남구,10대,10005,2
2016,강남구,20대,1719,18
2016,강남구,30대,11979,2
2016,강남구,40대,13058,9
2016,강남구,50대,9846,33
2016,강남구,60대 이상,15926,14
2016,송파구,10대,593,12
2016,송파구,20대,3381,30
2016,송파구,30대,17504,48
2016,송파구,40대,19238,32
2016,송파구,50대,19517,22
2016,송파구,60대 이상,3910,43
2016,강동구,10대,9014,2
2016,강동구,20대,5139,19
2016,강동구,30대,9864,47
2016,강동구,40대,2929,48
2016,강동구,50대,619,16
2016,강동구,60대 이상,13787,40
2017,종로구,10대,4820,13
2017,종로구,20대,7971,1
2017,종로구,30대,13422,43
2017,종로구,40대,11865,47
2017,종로구,50대,5137,17
2017,종로구,60대 이상,11373,6
2017,중구,10대,19101,15
2017,중구,20대,9847,42
2017,중구,30대,15617,5
2017,중구,40대,4761,37
2017,중구,50대,19488,39
2017,중구,60대 이상,6193,25
2017,용산구,10대,17433,15
2017,용산구,20대,13418,28
2017,용산구,30대,10768,43
2017,용산구,40대,1931,43
2017,용산구,50대,9390,24
2017,용산구,60대 이상,6711,34
2017,성동구,10대,1895,26
2017,성동구,20대,9988,26
2017,성동구,30대,15493,46
2017,성동구,40대,13868,26
2017,성동구,50대,12899,20
2017,성동구,60대 이상,6083,33
2017,광진구,10대,11115,42
2017,광진구,20대,12040,6
2017,광진구,30대,8522,41
2017,광진구,40대,17086,46
2017,광진구,50대,9341,7
2017,광진구,60대 이상,13712,1
2017,동대문구,10대,5162,10
2017,동대문구,20대,7389,16
2017,동대문구,30대,13680,10
2017,동대문구,40대,8872,3
2017,동대문구,50대,4514,2
2017,동대문구,60대 이상,6917,24
2017,중랑구,10대,13741,42
2017,중랑구,20대,14348,49
2017,중랑구,30대,10810,45
2017,중랑구,40대,16603,17
2017,중랑구,50대,14054,1
2017,중랑구,60대 이상,19628,22
2017,성북구,10대,11488,29
2017,성북구,20대,5195,41
2017,성북구,30대,5602,24
2017,성북구,40대,3749,25
2017,성북구,50대,17366,28
2017,성북구,60대 이상,5091,40
2017,강북구,10대,6781,30
2017,강북구,20대,2512,9
2017,강북구,30대,12558,21
2017,강북구,40대,5833,7
2017,강북구,50대,13835,33
2017,강북구,60대 이상,12157,35
2017,도봉구,10대,19542,12
2017,도봉구,20대,16522,46
2017,도봉구,30대,16226,31
2017,도봉구,40대,18515,31
2017,도봉구,50대,18051,25
2017,도봉구,60대 이상,5260,3
2017,노원구,10대,12528,46
2017,노원구,20대,17322,6
2017,노원구,30대,16200,50
2017,노원구,40대,13206,7
2017,노원구,50대,5490,22
2017,노원구,60대 이상,12735,19
2017,은평구,10대,16671,5
2017,은평구,20대,6321,12
2017,은평구,30대,6917,9
2017,은평구,40대,12187,48
2017,은평구,50대,13419,26
2017,은평구,60대 이상,19932,7
2017,서대문구,10대,15223,46
2017,서대문구,20대,2049,19
2017,서대문구,30대,5950,12
2017,서대문구,40대,1532,27
2017,서대문구,50대,2639,10
2017,서대문구,60대 이상,12674,29
2017,마포구,10대,19253,19
2017,마포구,20대,642,1
2017,마포구,30대,9658,48
2017,마포구,40대,19509,4
2017,마포구,50대,16167,3
2017,마포구,60대 이상,2016,34
2017,양천구,10대,14754,23
2017,양천구,20대,19101,40
2017,양천구,30대,1831,37
2017,양천구,40대,16191,44
2017,양천구,50대,9552,15
2017,양천구,60대 이상,1176,32
2017,강서구,10대,11990,8
2017,강서구,20대,2368,47
2017,강서구,30대,2612,46
2017,강서구,40대,4663,34
2017,강서구,50대,7637,38
2017,강서구,60대 이상,6203,48
2017,구로구,10대,5400,30
2017,구로구,20대,3379,18
2017,구로구,30대,15117,28
2017,구로구,40대,2165,8
2017,구로구,50대,4731,24
2017,구로구,60대 이상,10317,23
2017,금천구,10대,5537,42
2017,금천구,20대,1353,17
2017,금천구,30대,16474,28
2017,금천구,40대,14107,30
2017,금천구,50대,13977,29
2017,금천구,60대 이상,16124,37
2017,영등포구,10대,15972,28
2017,영등포구,20대,2223,33
2017,영등포구,30대,17815,31
2017,영등포구,40대,15612,45
2017,영등포구,50대,4240,40
2017,영등포구,60대 이상,1692,7
2017,동작구,10대,4245,45
2017,동작구,20대,6737,25
2017,동작구,30대,5214,47
2017,동작구,40대,14430,30
2017,동작구,50대,15134,38
2017,동작구,60대 이상,13519,31
2017,관악구,10대,862,41
2017,관악구,20대,8781,4
2017,관악구,30대,3944,45
2017,관악구,40대,4080,28
2017,관악구,50대,17897,37
2017,관악구,60대 이상,4663,34
2017,서초구,10대,15285,50
2017,서초구,20대,8669,29
2017,서초구,30대,2200,12
2017,서초구,40대,8034,23
2017,서초구,50대,6969,42
2017,서초구,60대 이상,2935,11
2017,강남구,10대,17557,21
2017,강남구,20대,18653,20
2017,강남구,30대,6780,40
2017,강남구,40대,9753,6
2017,강남구,50대,17419,18
2017,강남구,60대 이상,6960,35
2017,송파구,10대,9800,19
2017,송파구,20대,5687,39
2017,송파구,30대,2198,42
2017,송파구,40대,13535,6
2017,송파구,50대,1662,12
2017,송파구,60대 이상,5657,9
2017,강동구,10대,7955,9
2017,강동구,20대,15132,44
2017,강동구,30대,16831,6
2017,강동구,40대,14084,49
2017,강동구,50대,12483,47
2017,강동구,60대 이상,10594,45
2018,종로구,10대,6811,40
2018,종로구,20대,18630,44
2018,종로구,30대,10793,13
2018,종로구,40대,12367,40
2018,종로구,50대,7337,45
2018,종로구,60대 이상,3926,27
2018,중구,10대,14498,34
2018,중구,20대,8999,42
2018,중구,30대,14513,40
2018,중구,40대,5032,41
2018,중구,50대,4552,42
2018,중구,60대 이상,11086,21
2018,용산구,10대,4720,47
2018,용산구,20대,11423,35
2018,용산구,30대,18098,14
2018,용산구,40대,5194,14
2018,용산구,50대,10884,21
2018,용산구,60대 이상,14266,7
2018,성동구,10대,5004,4
2018,성동구,20대,18991,11
2018,성동구,30대,15413,28
2018,성동구,40대,940,23
2018,성동구,50대,3512,44
2018,성동구,60대 이상,18834,27
2018,광진구,10대,2088,23
2018,광진구,20대,14041,46
2018,광진구,30대,14408,47
2018,광진구,40대,16034,4
2018,광진구,50대,19806,49
2018,광진구,60대 이상,11277,44
2018,동대문구,10대,11991,31
2018,동대문구,20대,12848,8
2018,동대문구,30대,16703,38
2018,동대문구,40대,15028,3
2018,동대문구,50대,18384,15
2018,동대문구,60대 이상,19261,35
2018,중랑구,10대,6295,39
2018,중랑구,20대,904,44
2018,중랑구,30대,9959,25
2018,중랑구,40대,1686,13
2018,중랑구,50대,9095,49
2018,중랑구,60대 이상,16666,12
2018,성북구,10대,14812,43
2018,성북구,20대,12264,41
2018,성북구,30대,16057,38
2018,성북구,40대,1228,1
2018,성북구,50대,15980,22
2018,성북구,60대 이상,15746,44
2018,강북구,10대,7066,34
2018,강북구,20대,9344,37
2018,강북구,30대,4431,21
2018,강북구,40대,14309,41
2018,강북구,50대,18535,3
2018,강북구,60대 이상,16512,30
2018,도봉구,10대,12249,5
2018,도봉구,20대,13729,8
2018,도봉구,30대,2573,49
2018,도봉구,40대,18726,25
2018,도봉구,50대,16150,23
2018,도봉구,60대 이상,7719,39
2018,노원구,10대,6987,13
2018,노원구,20대,12784,35
2018,노원구,30대,1022,38
2018,노원구,40대,14644,41
2018,노원구,50대,12851,24
2018,노원구,60대 이상,3457,3
2018,은평구,10대,13036,20
2018,은평구,20대,13134,6
2018,은평구,30대,13345,1
2018,은평구,40대,13290,19
2018,은평구,50대,17048,1
2018,은평구,60대 이상,17648,21
2018,서대문구,10대,14546,27
2018,서대문구,20대,18459,41
2018,서대문구,30대,14332,6
2018,서대문구,40대,16679,44
2018,서대문구,50대,1531,37
2018,서대문구,60대 이상,18151,10
2018,마포구,10대,14939,48
2018,마포구,20대,15124,46
2018,마포구,30대,4843,33
2018,마포구,40대,3475,46
2018,마포구,50대,3349,40
2018,마포구,60대 이상,11147,26
2018,양천구,10대,7106,41
2018,양천구,20대,12481,24
2018,양천구,30대,5008,14
2018,양천구,40대,10553,43
2018,양천구,50대,19402,11
2018,양천구,60대 이상,12051,18
2018,강서구,10대,8406,5
2018,강서구,20대,16007,45
2018,강서구,30대,1572,23
2018,강서구,40대,11415,24
2018,강서구,50대,15228,26
2018,강서구,60대 이상,14119,36
2018,구로구,10대,1493,16
2018,구로구,20대,15358,12
2018,구로구,30대,17361,42
2018,구로구,40대,4461,36
2018,구로구,50대,3244,11
2018,구로구,60대 이상,1104,39
2018,금천구,10대,8784,33
2018,금천구,20대,19349,8
2018,금천구,30대,17796,44
2018,금천구,40대,6512,1
2018,금천구,50대,19383,34
2018,금천구,60대 이상,5280,31
2018,영등포구,10대,5601,5
2018,영등포구,20대,14524,13
2018,영등포구,30대,9539,30
2018,영등포구,40대,16590,40
2018,영등포구,50대,6460,45
2018,영등포구,60대 이상,15073,22
2018,동작구,10대,19915,42
2018,동작구,20대,13255,31
2018,동작구,30대,12797,5
2018,동작구,40대,5756,49
2018,동작구,50대,6672,18
2018,동작구,60대 이상,17078,17
2018,관악구,10대,10807,32
2018,관악구,20대,13710,17
2018,관악구,30대,2509,22
2018,관악구,40대,5897,18
2018,관악구,50대,8124,24
2018,관악구,60대 이상,7699,25
2018,서초구,10대,15195,10
2018,서초구,20대,18038,15
2018,서초구,30대,16146,11
2018,서초구,40대,9999,48
2018,서초구,50대,3493,2
2018,서초구,60대 이상,4876,13
2018,강남구,10대,6391,42
2018,강남구,20대,4932,35
2018,강남구,30대,10988,14
2018,강남구,40대,10095,4
2018,강남구,50대,3187,1
2018,강남구,60대 이상,1311,43
2018,송파구,10대,6604,1
2018,송파구,20대,14915,45
2018,송파구,30대,2995,33
2018,송파구,40대,13104,47
2018,송파구,50대,2423,39
2018,송파구,60대 이상,1509,33
2018,강동구,10대,4142,28
2018,강동구,20대,7655,37
2018,강동구,30대,10036,35
2018,강동구,40대,19121,10
2018,강동구,50대,7029,18
2018,강동구,60대 이상,9651,29
2019,종로구,10대,11840,4
2019,종로구,20대,10474,11
2019,종로구,30대,9523,12
2019,종로구,40대,6144,32
2019,종로구,50대,9334,37
2019,종로구,60대 이상,11330,4
2019,중구,10대,4837,26
2019,중구,20대,7022,50
2019,중구,30대,14889,3
2019,중구,40대,19597,18
2019,중구,50대,8722,23
2019,중구,60대 이상,7245,43
2019,용산구,10대,13941,28
2019,용산구,20대,16006,17
2019,용산구,30대,1902,29
2019,용산구,40대,16130,42
2019,용산구,50대,8981,22
2019,용산구,60대 이상,2155,5
2019,성동구,10대,16895,28
2019,성동구,20대,8709,28
2019,성동구,30대,18941,12
2019,성동구,40대,4621,47
2019,성동구,50대,9359,10
2019,성동구,60대 이상,15967,24
2019,광진구,10대,7056,28
2019,광진구,20대,17333,33
2019,광진구,30대,5884,1
2019,광진구,40대,3199,12
2019,광진구,50대,11592,9
2019,광진구,60대 이상,1144,6
2019,동대문구,10대,5445,6
2019,동대문구,20대,11393,24
2019,동대문구,30대,15678,27
2019,동대문구,40대,3071,40
2019,동대문구,50대,5496,32
2019,동대문구,60대 이상,14866,46
2019,중랑구,10대,16678,44
2019,중랑구,20대,1749,15
2019,중랑구,30대,7117,49
2019,중랑구,40대,4269,39
2019,중랑구,50대,5695,47
2019,중랑구,60대 이상,1907,5
2019,성북구,10대,10649,12
2019,성북구,20대,14838,18
2019,성북구,30대,17957,33
2019,성북구,40대,12740,19
2019,성북구,50대,12506,27
2019,성북구,60대 이상,15006,26
2019,강북구,10대,7222,36
2019,강북구,20대,2039,32
2019,강북구,30대,7637,2
2019,강북구,40대,6997,18
2019,강북구,50대,15132,27
2019,강북구,60대 이상,9105,40
2019,도봉구,10대,9657,43
2019,도봉구,20대,19330,8
2019,도봉구,30대,18189,36
2019,도봉구,40대,1773,3
2019,도봉구,50대,5274,4
2019,도봉구,60대 이상,16989,40
2019,노원구,10대,19187,8
2019,노원구,20대,19538,31
2019,노원구,30대,7566,35
2019,노원구,40대,7660,32
2019,노원구,50대,2095,22
2019,노원구,60대 이상,18068,40
2019,은평구,10대,18547,29
2019,은평구,20대,8757,3
2019,은평구,30대,4353,12
2019,은평구,40대,17626,33
2019,은평구,50대,4648,37
2019,은평구,60대 이상,18334,32
2019,서대문구,10대,5917,3
2019,서대문구,20대,5317,8
2019,서대문구,30대,6405,23
2019,서대문구,40대,5329,20
2019,서대문구,50대,19289,13
2019,서대문구,60대 이상,9090,9
2019,마포구,10대,593,26
2019,마포구,20대,13066,11
2019,마포구,30대,4596,14
2019,마포구,40대,13115,27
2019,마포구,50대,13651,3
2019,마포구,60대 이상,14664,34
2019,양천구,10대,9408,8
2019,양천구,20대,6277,41
2019,양천구,30대,7025,30
2019,양천구,40대,3391,31
2019,양천구,50대,16157,26
2019,양천구,60대 이상,9948,21
2019,강서구,10대,3528,17
2019,강서구,20대,4866,8
2019,강서구,30대,641,36
2019,강서구,40대,13865,15
2019,강서구,50대,8001,40
2019,강서구,60대 이상,13580,30
2019,구로구,10대,12635,12
2019,구로구,20대,15204,42
2019,구로구,30대,17592,30
2019,구로구,40대,6188,42
2019,구로구,50대,6339,34
2019,구로구,60대 이상,15053,49
2019,금천구,10대,2549,4
2019,금천구,20대,12613,22
2019,금천구,30대,15978,42
2019,금천구,40대,3999,4
2019,금천구,50대,16254,28
2019,금천구,60대 이상,14110,13
2019,영등포구,10대,7113,16
2019,영등포구,20대,12339,46
2019,영등포구,30대,13130,15
2019,영등포구,40대,18022,40
2019,영등포구,50대,4894,44
2019,영등포구,60대 이상,14936,27
2019,동작구,10대,6974,25
2019,동작구,20대,12343,10
2019,동작구,30대,16384,27
2019,동작구,40대,7991,6
2019,동작구,50대,3586,21
2019,동작구,60대 이상,8761,34
2019,관악구,10대,5000,34
2019,관악구,20대,9896,38
2019,관악구,30대,4825,4
2019,관악구,40대,15431,17
2019,관악구,50대,17158,26
2019,관악구,60대 이상,6061,29
2019,서초구,10대,16328,29
2019,서초구,20대,17711,6
2019,서초구,30대,16088,21
2019,서초구,40대,12699,36
2019,서초구,50대,19248,45
2019,서초구,60대 이상,18568,28
2019,강남구,10대,11516,46
2019,강남구,20대,17047,17
2019,강남구,30대,16073,34
2019,강남구,40대,13100,9
2019,강남구,50대,4412,42
2019,강남구,60대 이상,19850,49
2019,송파구,10대,17099,26
2019,송파구,20대,12618,49
2019,송파구,30대,15106,24
2019,송파구,40대,11886,23
2019,송파구,50대,17231,25
2019,송파구,60대 이상,10429,35
2019,강동구,10대,5539,31
2019,강동구,20대,18798,12
2019,강동구,30대,4086,41
2019,강동구,40대,3673,44
2019,강동구,50대,3490,41
2019,강동구,60대 이상,8554,48
2020,종로구,10대,18779,27
2020,종로구,20대,15552,21
2020,종로구,30대,18310,35
2020,종로구,40대,14815,38
2020,종로구,50대,7520,10
2020,종로구,60대 이상,14870,49
2020,중구,10대,17065,29
2020,중구,20대,12019,34
2020,중구,30대,6725,30
2020,중구,40대,15143,47
2020,중구,50대,2134,14
2020,중구,60대 이상,3573,34
2020,용산구,10대,9197,19
2020,용산구,20대,6047,48
2020,용산구,30대,1029,20
2020,용산구,40대,11645,20
2020,용산구,50대,15996,5
2020,용산구,60대 이상,11781,25
2020,성동구,10대,6620,29
2020,성동구,20대,18858,45
2020,성동구,30대,2281,34
2020,성동구,40대,4914,33
2020,성동구,50대,13687,41
2020,성동구,60대 이상,13700,43
2020,광진구,10대,7668,4
2020,광진구,20대,12236,49
2020,광진구,30대,13219,10
2020,광진구,40대,703,9
2020,광진구,50대,2386,16
2020,광진구,60대 이상,8476,7
2020,동대문구,10대,18586,38
2020,동대문구,20대,10276,3
2020,동대문구,30대,10682,17
2020,동대문구,40대,2446,48
2020,동대문구,50대,3055,36
2020,동대문구,60대 이상,1079,43
2020,중랑구,10대,8713,19
2020,중랑구,20대,11818,23
2020,중랑구,30대,12172,4
2020,중랑구,40대,18648,45
2020,중랑구,50대,4618,22
2020,중랑구,60대 이상,5297,47
2020,성북구,10대,15561,44
2020,성북구,20대,19556,14
2020,성북구,30대,18175,15
2020,성북구,40대,19678,37
2020,성북구,50대,13888,8
2020,성북구,60대 이상,5973,24
2020,강북구,10대,13374,44
2020,강북구,20대,7988,31
2020,강북구,30대,6972,27
2020,강북구,40대,18673,2
2020,강북구,50대,5975,46
2020,강북구,60대 이상,5325,32
2020,도봉구,10대,1946,20
2020,도봉구,20대,8023,18
2020,도봉구,30대,14454,30
2020,도봉구,40대,6295,8
2020,도봉구,50대,3027,19
2020,도봉구,60대 이상,10415,14
2020,노원구,10대,8265,28
2020,노원구,20대,15129,39
2020,노원구,30대,3244,33
2020,노원구,40대,3776,18
2020,노원구,50대,8473,16
2020,노원구,60대 이상,3245,2
2020,은평구,10대,8032,13
2020,은평구,20대,7146,24
2020,은평구,30대,7314,27
2020,은평구,40대,5177,12
2020,은평구,50대,12942,23
2020,은평구,60대 이상,13525,7
2020,서대문구,10대,1945,43
2020,서대문구,20대,11562,48
2020,서대문구,30대,1037,27
2020,서대문구,40대,12251,18
2020,서대문구,50대,17978,8
2020,서대문구,60대 이상,16411,19
2020,마포구,10대,3142,7
2020,마포구,20대,16313,22
2020,마포구,30대,8580,50
2020,마포구,40대,3320,42
2020,마포구,50대,18256,9
2020,마포구,60대 이상,11477,43
2020,양천구,10대,8738,35
2020,양천구,20대,2935,31
2020,양천구,30대,5433,32
2020,양천구,40대,11682,8
2020,양천구,50대,7043,12
2020,양천구,60대 이상,13642,35
2020,강서구,10대,12516,29
2020,강서구,20대,4585,17
2020,강서구,30대,15833,7
2020,강서구,40대,9487,20
2020,강서구,50대,14810,37
2020,강서구,60대 이상,10440,10
2020,구로구,10대,18239,19
2020,구로구,20대,13598,4
2020,구로구,30대,5918,6
2020,구로구,40대,9122,26
2020,구로구,50대,793,16
2020,구로구,60대 이상,2960,5
2020,금천구,10대,6758,32
2020,금천구,20대,2985,22
2020,금천구,30대,2582,8
2020,금천구,40대,9919,28
2020,금천구,50대,10939,10
2020,금천구,60대 이상,11676,33
2020,영등포구,10대,1854,27
2020,영등포구,20대,12710,34
2020,영등포구,30대,11241,37
2020,영등포구,40대,12046,25
2020,영등포구,50대,9601,20
2020,영등포구,60대 이상,17541,38
2020,동작구,10대,2642,24
2020,동작구,20대,882,1
2020,동작구,30대,17067,24
2020,동작구,40대,5929,27
2020,동작구,50대,8954,15
2020,동작구,60대 이상,18159,39
2020,관악구,10대,17421,28
2020,관악구,20대,6457,39
2020,관악구,30대,2676,37
2020,관악구,40대,2377,27
2020,관악구,50대,11265,4
2020,관악구,60대 이상,16995,11
2020,서초구,10대,5927,46
2020,서초구,20대,18714,1
2020,서초구,30대,16295,3
2020,서초구,40대,11398,49
2020,서초구,50대,7794,47
2020,서초구,60대 이상,7592,35
2020,강남구,10대,3136,31
2020,강남구,20대,1140,12
2020,강남구,30대,5474,16
2020,강남구,40대,8979,10
2020,강남구,50대,6573,5
2020,강남구,60대 이상,10236,43
2020,송파구,10대,4133,15
2020,송파구,20대,3837,45
2020,송파구,30대,9823,25
2020,송파구,40대,12706,5
2020,송파구,50대,1805,12
2020,송파구,60대 이상,15108,48
2020,강동구,10대,8275,10
2020,강동구,20대,1004,39
2020,강동구,30대,13348,36
2020,강동구,40대,14742,43
2020,강동구,50대,10825,28
2020,강동구,60대 이상,15177,45
2021,종로구,10대,6022,18
2021,종로구,20대,704,7
2021,종로구,30대,15720,31
2021,종로구,40대,14814,48
2021,종로구,50대,5209,32
2021,종로구,60대 이상,6113,38
2021,중구,10대,13341,49
2021,중구,20대,18283,44
2021,중구,30대,10688,33
2021,중구,40대,14948,44
2021,중구,50대,2619,45
2021,중구,60대 이상,16001,33
2021,용산구,10대,15090,28
2021,용산구,20대,2429,11
2021,용산구,30대,12765,7
2021,용산구,40대,11089,30
2021,용산구,50대,16197,32
2021,용산구,60대 이상,18863,21
2021,성동구,10대,10967,49
2021,성동구,20대,7491,43
2021,성동구,30대,3267,6
2021,성동구,40대,10234,47
2021,성동구,50대,5907,41
2021,성동구,60대 이상,17996,39
2021,광진구,10대,5249,22
2021,광진구,20대,10963,2
2021,광진구,30대,12590,19
2021,광진구,40대,17514,34
2021,광진구,50대,2211,24
2021,광진구,60대 이상,12251,10
2021,동대문구,10대,10866,14
2021,동대문구,20대,18659,34
2021,동대문구,30대,13426,42
2021,동대문구,40대,19815,33
2021,동대문구,50대,645,33
2021,동대문구,60대 이상,19749,11
2021,중랑구,10대,5382,23
2021,중랑구,20대,981,22
2021,중랑구,30대,18254,44
2021,중랑구,40대,13898,43
2021,중랑구,50대,12134,20
2021,중랑구,60대 이상,7127,33
2021,성북구,10대,12668,19
2021,성북구,20대,4824,48
2021,성북구,30대,15836,22
2021,성북구,40대,18005,31
2021,성북구,50대,7979,47
2021,성북구,60대 이상,6078,45
2021,강북구,10대,4867,37
2021,강북구,20대,755,5
2021,강북구,30대,3382,5
2021,강북구,40대,13162,16
2021,강북구,50대,9755,34
2021,강북구,60대 이상,6220,13
2021,도봉구,10대,13034,17
2021,도봉구,20대,7233,1
2021,도봉구,30대,6675,42
2021,도봉구,40대,14145,4
2021,도봉구,50대,18651,28
2021,도봉구,60대 이상,12820,39
2021,노원구,10대,667,40
2021,노원구,20대,4502,42
2021,노원구,30대,9214,42
2021,노원구,40대,6114,5
2021,노원구,50대,6995,49
2021,노원구,60대 이상,11116,15
2021,은평구,10대,8457,10
2021,은평구,20대,1920,22
2021,은평구,30대,2966,32
2021,은평구,40대,5515,45
2021,은평구,50대,16898,24
2021,은평구,60대 이상,12502,35
2021,서대문구,10대,8826,9
2021,서대문구,20대,13815,48
2021,서대문구,30대,6488,7
2021,서대문구,40대,5052,46
2021,서대문구,50대,656,12
2021,서대문구,60대 이상,3327,10
2021,마포구,10대,5227,3
2021,마포구,20대,17571,46
2021,마포구,30대,4337,48
2021,마포구,40대,7107,10
2021,마포구,50대,15801,29
2021,마포구,60대 이상,1891,39
2021,양천구,10대,19219,42
2021,양천구,20대,837,23
2021,양천구,30대,1741,30
2021,양천구,40대,17744,37
2021,양천구,50대,7584,44
2021,양천구,60대 이상,11030,30
2021,강서구,10대,16193,41
2021,강서구,20대,8464,8
2021,강서구,30대,16120,5
2021,강서구,40대,3417,49
2021,강서구,50대,9698,10
2021,강서구,60대 이상,18763,33
2021,구로구,10대,10415,12
2021,구로구,20대,1013,31
2021,구로구,30대,10120,35
2021,구로구,40대,13530,47
2021,구로구,50대,18644,45
2021,구로구,60대 이상,4232,38
2021,금천구,10대,16077,48
2021,금천구,20대,3770,46
2021,금천구,30대,19903,48
2021,금천구,40대,11021,15
2021,금천구,50대,17858,16
2021,금천구,60대 이상,10981,45
2021,영등포구,10대,709,43
2021,영등포구,20대,18212,24
2021,영등포구,30대,3516,6
2021,영등포구,40대,17378,41
2021,영등포구,50대,8315,18
2021,영등포구,60대 이상,11928,7
2021,동작구,10대,5342,27
2021,동작구,20대,6081,36
2021,동작구,30대,14991,37
2021,동작구,40대,19153,43
2021,동작구,50대,17244,18
2021,동작구,60대 이상,5194,9
2021,관악구,10대,11811,33
2021,관악구,20대,17956,14
2021,관악구,30대,11579,46
2021,관악구,40대,18188,44
2021,관악구,50대,6405,40
2021,관악구,60대 이상,18472,48
2021,서초구,10대,17672,13
2021,서초구,20대,15367,1
2021,서초구,30대,9548,2
2021,서초구,40대,2667,38
2021,서초구,50대,3022,15
2021,서초구,60대 이상,9408,40
2021,강남구,10대,13141,34
2021,강남구,20대,16085,36
2021,강남구,30대,5923,9
2021,강남구,40대,12506,21
2021,강남구,50대,4220,6
2021,강남구,60대 이상,5309,39
2021,송파구,10대,10130,32
2021,송파구,20대,17709,47
2021,송파구,30대,19865,20
2021,송파구,40대,12040,44
2021,송파구,50대,9106,27
2021,송파구,60대 이상,1183,13
2021,강동구,10대,10068,15
2021,강동구,20대,8528,15
2021,강동구,30대,2272,2
2021,강동구,40대,14168,19
2021,강동구,50대,4274,23
2021,강동구,60대 이상,18809,28
2022,종로구,10대,19857,33
2022,종로구,20대,982,43
2022,종로구,30대,15714,40
2022,종로구,40대,8752,13
2022,종로구,50대,12651,47
2022,종로구,60대 이상,4640,9
2022,중구,10대,9072,48
2022,중구,20대,8047,24
2022,중구,30대,19101,17
2022,중구,40대,14886,34
2022,중구,50대,8933,4
2022,중구,60대 이상,13654,15
2022,용산구,10대,2363,45
2022,용산구,20대,1676,45
2022,용산구,30대,7710,9
2022,용산구,40대,14173,29
2022,용산구,50대,1621,29
2022,용산구,60대 이상,4335,45
2022,성동구,10대,10901,39
2022,성동구,20대,5161,21
2022,성동구,30대,8522,27
2022,성동구,40대,10679,36
2022,성동구,50대,1718,19
2022,성동구,60대 이상,13626,21
2022,광진구,10대,18497,20
2022,광진구,20대,16769,10
2022,광진구,30대,16295,37
2022,광진구,40대,6907,24
2022,광진구,50대,10807,38
2022,광진구,60대 이상,1827,28
2022,동대문구,10대,11079,11
2022,동대문구,20대,1445,19
2022,동대문구,30대,7004,30
2022,동대문구,40대,19199,13
2022,동대문구,50대,2980,19
2022,동대문구,60대 이상,17230,34
2022,중랑구,10대,15177,23
2022,중랑구,20대,1741,5
2022,중랑구,30대,11102,25
2022,중랑구,40대,13517,47
2022,중랑구,50대,11070,42
2022,중랑구,60대 이상,12573,7
2022,성북구,10대,12530,37
2022,성북구,20대,18468,49
2022,성북구,30대,16560,34
2022,성북구,40대,13174,15
2022,성북구,50대,16226,34
2022,성북구,60대 이상,16561,28
2022,강북구,10대,3407,6
2022,강북구,20대,18078,29
2022,강북구,30대,11636,32
2022,강북구,40대,19502,26
2022,강북구,50대,15248,4
2022,강북구,60대 이상,7879,3
2022,도봉구,10대,3970,19
2022,도봉구,20대,11479,7
2022,도봉구,30대,1345,44
2022,도봉구,40대,656,14
2022,도봉구,50대,11903,20
2022,도봉구,60대 이상,4931,47
2022,노원구,10대,19165,38
2022,노원구,20대,15508,38
2022,노원구,30대,12591,10
2022,노원구,40대,17547,17
2022,노원구,50대,16006,41
2022,노원구,60대 이상,13734,29
2022,은평구,10대,6429,46
2022,은평구,20대,3860,19
2022,은평구,30대,13395,42
2022,은평구,40대,3269,15
2022,은평구,50대,4306,32
2022,은평구,60대 이상,3852,32
2022,서대문구,10대,14997,20
2022,서대문구,20대,3670,39
2022,서대문구,30대,12810,44
2022,서대문구,40대,17275,25
2022,서대문구,50대,980,49
2022,서대문구,60대 이상,19562,35
2022,마포구,10대,10540,2
2022,마포구,20대,19067,24
2022,마포구,30대,17348,11
2022,마포구,40대,12108,29
2022,마포구,50대,15192,15
2022,마포구,60대 이상,19817,12
2022,양천구,10대,13601,38
2022,양천구,20대,19723,1
2022,양천구,30대,1641,16
2022,양천구,40대,16839,9
2022,양천구,50대,18843,9
2022,양천구,60대 이상,14254,8
2022,강서구,10대,8325,26
2022,강서구,20대,16574,17
2022,강서구,30대,11408,30
2022,강서구,40대,1722,33
2022,강서구,50대,2224,16
2022,강서구,60대 이상,12723,50
2022,구로구,10대,2809,12
2022,구로구,20대,13088,26
2022,구로구,30대,16696,32
2022,구로구,40대,7792,24
2022,구로구,50대,12288,18
2022,구로구,60대 이상,6188,35
2022,금천구,10대,17736,39
2022,금천구,20대,16899,34
2022,금천구,30대,6910,13
2022,금천구,40대,9329,31
2022,금천구,50대,19675,5
2022,금천구,60대 이상,8436,44
2022,영등포구,10대,19351,47
2022,영등포구,20대,1001,48
2022,영등포구,30대,12504,13
2022,영등포구,40대,16020,20
2022,영등포구,50대,8897,23
2022,영등포구,60대 이상,7816,16
2022,동작구,10대,9291,33
2022,동작구,20대,10385,48
2022,동작구,30대,5840,44
2022,동작구,40대,5688,39
2022,동작구,50대,3160,10
2022,동작구,60대 이상,19777,16
2022,관악구,10대,2441,29
2022,관악구,20대,8971,33
2022,관악구,30대,3238,44
2022,관악구,40대,795,41
2022,관악구,50대,1942,44
2022,관악구,60대 이상,19873,45
2022,서초구,10대,14889,47
2022,서초구,20대,10394,15
2022,서초구,30대,8228,6
2022,서초구,40대,4781,2
2022,서초구,50대,3362,29
2022,서초구,60대 이상,16731,29
2022,강남구,10대,4403,31
2022,강남구,20대,16996,11
2022,강남구,30대,4319,42
2022,강남구,40대,5145,18
2022,강남구,50대,6970,6
2022,강남구,60대 이상,8726,12
2022,송파구,10대,10689,34
2022,송파구,20대,11614,26
2022,송파구,30대,10225,38
2022,송파구,40대,18214,3
2022,송파구,50대,8070,5
2022,송파구,60대 이상,5931,32
2022,강동구,10대,6897,37
2022,강동구,20대,11977,29
2022,강동구,30대,989,43
2022,강동구,40대,2850,12
2022,강동구,50대,19364,16
2022,강동구,60대 이상,12217,47
2023,종로구,10대,5751,35
2023,종로구,20대,7472,33
2023,종로구,30대,6993,49
2023,종로구,40대,3041,12
2023,종로구,50대,2542,44
2023,종로구,60대 이상,18037,29
2023,중구,10대,6339,16
2023,중구,20대,2033,43
2023,중구,30대,9667,28
2023,중구,40대,14531,8
2023,중구,50대,2154,44
2023,중구,60대 이상,9131,15
2023,용산구,10대,7234,5
2023,용산구,20대,16825,20
2023,용산구,30대,18891,13
2023,용산구,40대,19527,21
2023,용산구,50대,3154,27
2023,용산구,60대 이상,17432,34
2023,성동구,10대,12577,17
2023,성동구,20대,5367,27
2023,성동구,30대,8373,4
2023,성동구,40대,1206,9
2023,성동구,50대,2658,8
2023,성동구,60대 이상,16424,36
2023,광진구,10대,17542,1
2023,광진구,20대,15467,9
2023,광진구,30대,1821,40
2023,광진구,40대,8837,32
2023,광진구,50대,17972,20
2023,광진구,60대 이상,994,34
2023,동대문구,10대,3516,40
2023,동대문구,20대,6895,39
2023,동대문구,30대,15507,2
2023,동대문구,40대,2857,34
2023,동대문구,50대,18731,11
2023,동대문구,60대 이상,11634,33
2023,중랑구,10대,4883,50
2023,중랑구,20대,9029,12
2023,중랑구,30대,9020,4
2023,중랑구,40대,5210,25
2023,중랑구,50대,17985,42
2023,중랑구,60대 이상,16959,49
2023,성북구,10대,10919,6
2023,성북구,20대,11239,34
2023,성북구,30대,18055,37
2023,성북구,40대,8792,29
2023,성북구,50대,19372,17
2023,성북구,60대 이상,4385,25
2023,강북구,10대,11398,25
2023,강북구,20대,712,47
2023,강북구,30대,18776,49
2023,강북구,40대,16053,43
2023,강북구,50대,6648,48
2023,강북구,60대 이상,4679,6
2023,도봉구,10대,9003,14
2023,도봉구,20대,15876,19
2023,도봉구,30대,6775,7
2023,도봉구,40대,2936,44
2023,도봉구,50대,17073,36
2023,도봉구,60대 이상,2232,18
2023,노원구,10대,5841,47
2023,노원구,20대,10697,42
2023,노원구,30대,12925,12
2023,노원구,40대,10590,5
2023,노원구,50대,17918,34
2023,노원구,60대 이상,10317,20
2023,은평구,10대,11326,16
2023,은평구,20대,829,34
2023,은평구,30대,10018,34
2023,은평구,40대,17152,40
2023,은평구,50대,5687,4
2023,은평구,60대 이상,18445,11
2023,서대문구,10대,535,10
2023,서대문구,20대,8109,9
2023,서대문구,30대,9651,46
2023,서대문구,40대,9765,43
2023,서대문구,50대,19613,11
2023,서대문구,60대 이상,14929,12
2023,마포구,10대,13231,1
2023,마포구,20대,13219,47
2023,마포구,30대,13022,34
2023,마포구,40대,577,41
2023,마포구,50대,7356,5
2023,마포구,60대 이상,19004,36
2023,양천구,10대,6518,24
2023,양천구,20대,14611,38
2023,양천구,30대,7290,17
2023,양천구,40대,17741,41
2023,양천구,50대,5655,27
2023,양천구,60대 이상,3811,13
2023,강서구,10대,16871,28
2023,강서구,20대,17456,15
2023,강서구,30대,13538,15
2023,강서구,40대,6907,49
2023,강서구,50대,9550,32
2023,강서구,60대 이상,7881,35
2023,구로구,10대,18075,50
2023,구로구,20대,2625,3
2023,구로구,30대,12191,2
2023,구로구,40대,18881,34
2023,구로구,50대,1165,23
2023,구로구,60대 이상,7680,33
2023,금천구,10대,17600,49
2023,금천구,20대,14831,46
2023,금천구,30대,1444,45
2023,금천구,40대,19779,10
2023,금천구,50대,11179,44
2023,금천구,60대 이상,14694,33
2023,영등포구,10대,12951,3
2023,영등포구,20대,13592,18
2023,영등포구,30대,1597,34
2023,영등포구,40대,10193,36
2023,영등포구,50대,9660,9
2023,영등포구,60대 이상,15861,30
2023,동작구,10대,12868,50
2023,동작구,20대,10836,26
2023,동작구,30대,14302,15
2023,동작구,40대,16522,47
2023,동작구,50대,8137,6
2023,동작구,60대 이상,9151,22
2023,관악구,10대,10772,38
2023,관악구,20대,5145,16
2023,관악구,30대,4847,36
2023,관악구,40대,17229,40
2023,관악구,50대,13246,33
2023,관악구,60대 이상,12775,1
2023,서초구,10대,8665,21
2023,서초구,20대,11533,11
2023,서초구,30대,3673,11
2023,서초구,40대,14773,1
2023,서초구,50대,11293,25
2023,서초구,60대 이상,15751,45
2023,강남구,10대,9394,22
2023,강남구,20대,10050,5
2023,강남구,30대,10318,32
2023,강남구,40대,18159,1
2023,강남구,50대,8169,36
2023,강남구,60대 이상,17330,45
2023,송파구,10대,7646,28
2023,송파구,20대,10129,43
2023,송파구,30대,17451,42
2023,송파구,40대,11606,1
2023,송파구,50대,5237,19
2023,송파구,60대 이상,10536,28
2023,강동구,10대,11248,24
2023,강동구,20대,10965,23
2023,강동구,30대,11898,23
2023,강동구,40대,12875,13
2023,강동구,50대,4239,16
2023,강동구,60대 이상,13679,44
